[0m00:00:38.491904 [debug] [MainThread]: Sending event: {'category': 'dbt', 'action': 'invocation', 'label': 'start', 'context': [<snowplow_tracker.self_describing_json.SelfDescribingJson object at 0x7e5563ab1160>, <snowplow_tracker.self_describing_json.SelfDescribingJson object at 0x7e5563bd1b80>, <snowplow_tracker.self_describing_json.SelfDescribingJson object at 0x7e5566d5ab10>]}


============================== 00:00:38.500764 | 4264ea6d-e4b4-4804-a19d-5fc2c8938f1c ==============================
[0m00:00:38.500764 [info ] [MainThread]: Running with dbt=1.12.5
[0m00:00:38.504787 [debug] [MainThread]: running dbt with arguments {'static_parser': 'True', 'log_cache_events': 'False', 'cache_selected_only': 'False', 'debug': 'False', 'warn_error_options': 'WarnErrorOptionsV2(error=[], warn=[], silence=[])', 'partial_parse': 'True', 'maximum_seed_size_mib': '1', 'send_anonymous_usage_stats': 'True', 'log_format': 'default', 'printer_width': '80', 'log_path': '/opt/airflow/project/dbt/logs', 'use_experimental_parser': 'False', 'profiles_dir': '.', 'no_print': 'None', 'fail_fast': 'False', 'indirect_selection': 'eager', 'warn_error': 'None', 'quiet': 'False', 'target_path': 'None', 'version_check': 'True', 'empty': 'False', 'use_colors': 'True', 'invocation_command': 'dbt build --profiles-dir .', 'write_json': 'True', 'introspect': 'True', 'hints_enabled': 'True'}
[0m00:00:38.955880 [debug] [MainThread]: Sending event: {'category': 'dbt', 'action': 'project_id', 'label': '4264ea6d-e4b4-4804-a19d-5fc2c8938f1c', 'context': [<snowplow_tracker.self_describing_json.SelfDescribingJson object at 0x7e55637e2270>]}
[0m00:00:39.064591 [debug] [MainThread]: Sending event: {'category': 'dbt', 'action': 'adapter_info', 'label': '4264ea6d-e4b4-4804-a19d-5fc2c8938f1c', 'context': [<snowplow_tracker.self_describing_json.SelfDescribingJson object at 0x7e55638836b0>]}
[0m00:00:39.068697 [info ] [MainThread]: Registered adapter: postgres=1.11.0
[0m00:00:39.180700 [debug] [MainThread]: checksum: 3db23d57cd09ab1a9e15a438d4d01baa18a6a27a21ab3bb0922b9bb515105a76, vars: {}, profile: retail_customer_360, target: dev, version: 1.12.5
[0m00:00:39.191780 [info ] [MainThread]: Unable to do partial parsing because saved manifest not found. Starting full parse.
[0m00:00:39.194145 [debug] [MainThread]: Sending event: {'category': 'dbt', 'action': 'partial_parser', 'label': '4264ea6d-e4b4-4804-a19d-5fc2c8938f1c', 'context': [<snowplow_tracker.self_describing_json.SelfDescribingJson object at 0x7e556387f170>]}
[0m00:00:41.474813 [debug] [MainThread]: Sending event: {'category': 'dbt', 'action': 'load_project', 'label': '4264ea6d-e4b4-4804-a19d-5fc2c8938f1c', 'context': [<snowplow_tracker.self_describing_json.SelfDescribingJson object at 0x7e55601e5fd0>]}
[0m00:00:41.789906 [debug] [MainThread]: Wrote artifact WritableManifest to /opt/airflow/project/dbt/target/manifest.json
[0m00:00:41.823060 [debug] [MainThread]: Wrote artifact SemanticManifest to /opt/airflow/project/dbt/target/semantic_manifest.json
[0m00:00:41.923038 [debug] [MainThread]: Wrote artifact OsiDocument to /opt/airflow/project/dbt/target/osi_document.json
[0m00:00:42.017099 [debug] [MainThread]: Sending event: {'category': 'dbt', 'action': 'resource_counts', 'label': '4264ea6d-e4b4-4804-a19d-5fc2c8938f1c', 'context': [<snowplow_tracker.self_describing_json.SelfDescribingJson object at 0x7e55601e6390>]}
[0m00:00:42.020664 [info ] [MainThread]: Found 5 models, 16 data tests, 477 macros
[0m00:00:42.030605 [info ] [MainThread]: 
[0m00:00:42.033080 [info ] [MainThread]: Concurrency: 4 threads (target='dev')
[0m00:00:42.037065 [info ] [MainThread]: 
[0m00:00:42.039656 [debug] [MainThread]: Acquiring new postgres connection 'master'
[0m00:00:42.047945 [debug] [ThreadPool]: Acquiring new postgres connection 'list_retaildb'
[0m00:00:42.049400 [debug] [ThreadPool]: Acquiring new postgres connection 'list_retaildb'
[0m00:00:42.066636 [debug] [ThreadPool]: Acquiring new postgres connection 'list_retaildb'
[0m00:00:42.119275 [debug] [ThreadPool]: Using postgres connection "list_retaildb"
[0m00:00:42.119884 [debug] [ThreadPool]: Using postgres connection "list_retaildb"
[0m00:00:42.120410 [debug] [ThreadPool]: Using postgres connection "list_retaildb"
[0m00:00:42.121770 [debug] [ThreadPool]: On list_retaildb: /* {"app": "dbt", "dbt_version": "1.12.5", "profile_name": "retail_customer_360", "target_name": "dev", "connection_name": "list_retaildb"} */

    select distinct nspname from pg_namespace
  
[0m00:00:42.124342 [debug] [ThreadPool]: On list_retaildb: /* {"app": "dbt", "dbt_version": "1.12.5", "profile_name": "retail_customer_360", "target_name": "dev", "connection_name": "list_retaildb"} */

    select distinct nspname from pg_namespace
  
[0m00:00:42.126943 [debug] [ThreadPool]: On list_retaildb: /* {"app": "dbt", "dbt_version": "1.12.5", "profile_name": "retail_customer_360", "target_name": "dev", "connection_name": "list_retaildb"} */

    select distinct nspname from pg_namespace
  
[0m00:00:42.129248 [debug] [ThreadPool]: Opening a new connection, currently in state init
[0m00:00:42.131590 [debug] [ThreadPool]: Opening a new connection, currently in state init
[0m00:00:42.133965 [debug] [ThreadPool]: Opening a new connection, currently in state init
[0m00:00:42.156925 [debug] [ThreadPool]: SQL status: SELECT 10 in 0.028 seconds
[0m00:00:42.157570 [debug] [ThreadPool]: SQL status: SELECT 10 in 0.026 seconds
[0m00:00:42.158878 [debug] [ThreadPool]: SQL status: SELECT 10 in 0.025 seconds
[0m00:00:42.160646 [debug] [ThreadPool]: On list_retaildb: Close
[0m00:00:42.163966 [debug] [ThreadPool]: On list_retaildb: Close
[0m00:00:42.167242 [debug] [ThreadPool]: On list_retaildb: Close
[0m00:00:42.175030 [debug] [ThreadPool]: Re-using an available connection from the pool (formerly list_retaildb, now list_retaildb_public_retail_dbt_mart)
[0m00:00:42.176427 [debug] [ThreadPool]: Re-using an available connection from the pool (formerly list_retaildb, now list_retaildb_public_retail_dbt_intermediate)
[0m00:00:42.177875 [debug] [ThreadPool]: Re-using an available connection from the pool (formerly list_retaildb, now list_retaildb_public_retail_dbt_staging)
[0m00:00:42.184636 [debug] [ThreadPool]: Using postgres connection "list_retaildb_public_retail_dbt_mart"
[0m00:00:42.187265 [debug] [ThreadPool]: Using postgres connection "list_retaildb_public_retail_dbt_intermediate"
[0m00:00:42.190196 [debug] [ThreadPool]: Using postgres connection "list_retaildb_public_retail_dbt_staging"
[0m00:00:42.192953 [debug] [ThreadPool]: On list_retaildb_public_retail_dbt_mart: /* {"app": "dbt", "dbt_version": "1.12.5", "profile_name": "retail_customer_360", "target_name": "dev", "connection_name": "list_retaildb_public_retail_dbt_mart"} */
select
      'retaildb' as database,
      tablename as name,
      schemaname as schema,
      'table' as type
    from pg_tables
    where schemaname ilike 'public_retail_dbt_mart'
    union all
    select
      'retaildb' as database,
      viewname as name,
      schemaname as schema,
      'view' as type
    from pg_views
    where schemaname ilike 'public_retail_dbt_mart'
    union all
    select
      'retaildb' as database,
      matviewname as name,
      schemaname as schema,
      'materialized_view' as type
    from pg_matviews
    where schemaname ilike 'public_retail_dbt_mart'
    union all
    select distinct
     'retaildb' as database,
     proname as name,
     ns.nspname as schema,
     'function' as type
    from pg_proc
     join pg_namespace as ns on pronamespace = ns.oid
    where ns.nspname ilike 'public_retail_dbt_mart'
  
[0m00:00:42.195511 [debug] [ThreadPool]: On list_retaildb_public_retail_dbt_intermediate: /* {"app": "dbt", "dbt_version": "1.12.5", "profile_name": "retail_customer_360", "target_name": "dev", "connection_name": "list_retaildb_public_retail_dbt_intermediate"} */
select
      'retaildb' as database,
      tablename as name,
      schemaname as schema,
      'table' as type
    from pg_tables
    where schemaname ilike 'public_retail_dbt_intermediate'
    union all
    select
      'retaildb' as database,
      viewname as name,
      schemaname as schema,
      'view' as type
    from pg_views
    where schemaname ilike 'public_retail_dbt_intermediate'
    union all
    select
      'retaildb' as database,
      matviewname as name,
      schemaname as schema,
      'materialized_view' as type
    from pg_matviews
    where schemaname ilike 'public_retail_dbt_intermediate'
    union all
    select distinct
     'retaildb' as database,
     proname as name,
     ns.nspname as schema,
     'function' as type
    from pg_proc
     join pg_namespace as ns on pronamespace = ns.oid
    where ns.nspname ilike 'public_retail_dbt_intermediate'
  
[0m00:00:42.197418 [debug] [ThreadPool]: On list_retaildb_public_retail_dbt_staging: /* {"app": "dbt", "dbt_version": "1.12.5", "profile_name": "retail_customer_360", "target_name": "dev", "connection_name": "list_retaildb_public_retail_dbt_staging"} */
select
      'retaildb' as database,
      tablename as name,
      schemaname as schema,
      'table' as type
    from pg_tables
    where schemaname ilike 'public_retail_dbt_staging'
    union all
    select
      'retaildb' as database,
      viewname as name,
      schemaname as schema,
      'view' as type
    from pg_views
    where schemaname ilike 'public_retail_dbt_staging'
    union all
    select
      'retaildb' as database,
      matviewname as name,
      schemaname as schema,
      'materialized_view' as type
    from pg_matviews
    where schemaname ilike 'public_retail_dbt_staging'
    union all
    select distinct
     'retaildb' as database,
     proname as name,
     ns.nspname as schema,
     'function' as type
    from pg_proc
     join pg_namespace as ns on pronamespace = ns.oid
    where ns.nspname ilike 'public_retail_dbt_staging'
  
[0m00:00:42.199392 [debug] [ThreadPool]: Opening a new connection, currently in state closed
[0m00:00:42.201937 [debug] [ThreadPool]: Opening a new connection, currently in state closed
[0m00:00:42.204757 [debug] [ThreadPool]: Opening a new connection, currently in state closed
[0m00:00:42.244156 [debug] [ThreadPool]: SQL status: SELECT 3 in 0.039 seconds
[0m00:00:42.245106 [debug] [ThreadPool]: SQL status: SELECT 1 in 0.043 seconds
[0m00:00:42.245889 [debug] [ThreadPool]: SQL status: SELECT 1 in 0.046 seconds
[0m00:00:42.247931 [debug] [ThreadPool]: On list_retaildb_public_retail_dbt_staging: ROLLBACK
[0m00:00:42.250831 [debug] [ThreadPool]: On list_retaildb_public_retail_dbt_intermediate: ROLLBACK
[0m00:00:42.254698 [debug] [ThreadPool]: On list_retaildb_public_retail_dbt_mart: ROLLBACK
[0m00:00:42.257102 [debug] [ThreadPool]: On list_retaildb_public_retail_dbt_staging: Close
[0m00:00:42.258678 [debug] [ThreadPool]: On list_retaildb_public_retail_dbt_intermediate: Close
[0m00:00:42.260293 [debug] [ThreadPool]: On list_retaildb_public_retail_dbt_mart: Close
[0m00:00:42.272138 [debug] [MainThread]: Using postgres connection "master"
[0m00:00:42.274418 [debug] [MainThread]: On master: /* {"app": "dbt", "dbt_version": "1.12.5", "profile_name": "retail_customer_360", "target_name": "dev", "connection_name": "master"} */
select distinct
        dependent_namespace.nspname as dependent_schema,
        dependent_class.relname as dependent_name,
        referenced_namespace.nspname as referenced_schema,
        referenced_class.relname as referenced_name

    -- Query for views: views are entries in pg_class with an entry in pg_rewrite, but we avoid
    -- a seq scan on pg_rewrite by leveraging the fact there is an "internal" row in pg_depend for
    -- the view...
    from pg_class as dependent_class
    join pg_namespace as dependent_namespace on dependent_namespace.oid = dependent_class.relnamespace
    join pg_depend as dependent_depend on dependent_depend.refobjid = dependent_class.oid
        and dependent_depend.classid = 'pg_rewrite'::regclass
        and dependent_depend.refclassid = 'pg_class'::regclass
        and dependent_depend.deptype = 'i'

    -- ... and via pg_depend (that has a row per column, hence the need for "distinct" above, and
    -- making sure to exclude the internal row to avoid a view appearing to depend on itself)...
    join pg_depend as joining_depend on joining_depend.objid = dependent_depend.objid
        and joining_depend.classid = 'pg_rewrite'::regclass
        and joining_depend.refclassid = 'pg_class'::regclass
        and joining_depend.refobjid != dependent_depend.refobjid

    -- ... we can find the tables they query from in pg_class, but excluding system tables. Note we
    -- don't need need to exclude _dependent_ system tables, because they only query from other
    -- system tables, and so are automatically excluded by excluding _referenced_ system tables
    join pg_class as referenced_class on referenced_class.oid = joining_depend.refobjid
    join pg_namespace as referenced_namespace on referenced_namespace.oid = referenced_class.relnamespace
        and referenced_namespace.nspname != 'information_schema'
        and referenced_namespace.nspname not like 'pg\_%'

    order by
        dependent_schema, dependent_name, referenced_schema, referenced_name;
[0m00:00:42.276387 [debug] [MainThread]: Opening a new connection, currently in state init
[0m00:00:42.298279 [debug] [MainThread]: SQL status: SELECT 3 in 0.022 seconds
[0m00:00:42.305403 [debug] [MainThread]: Sending event: {'category': 'dbt', 'action': 'runnable_timing', 'label': '4264ea6d-e4b4-4804-a19d-5fc2c8938f1c', 'context': [<snowplow_tracker.self_describing_json.SelfDescribingJson object at 0x7e5566841670>]}
[0m00:00:42.308006 [debug] [MainThread]: On master: ROLLBACK
[0m00:00:42.310472 [debug] [MainThread]: On master: COMMIT
[0m00:00:42.312437 [debug] [MainThread]: Using postgres connection "master"
[0m00:00:42.314523 [debug] [MainThread]: On master: COMMIT
[0m00:00:42.317380 [debug] [MainThread]: SQL status: COMMIT in 0.000 seconds
[0m00:00:42.319775 [debug] [MainThread]: On master: Close
[0m00:00:42.330342 [debug] [Thread-1 (]: Began running node model.retail_customer_360.stg_customers
[0m00:00:42.331232 [debug] [Thread-2 (]: Began running node model.retail_customer_360.stg_products
[0m00:00:42.332408 [debug] [Thread-3 (]: Began running node model.retail_customer_360.stg_sales
[0m00:00:42.335368 [info ] [Thread-1 (]: 1 of 21 START sql view model public_retail_dbt_staging.stg_customers ........... [RUN]
[0m00:00:42.338484 [info ] [Thread-2 (]: 2 of 21 START sql view model public_retail_dbt_staging.stg_products ............ [RUN]
[0m00:00:42.341329 [info ] [Thread-3 (]: 3 of 21 START sql view model public_retail_dbt_staging.stg_sales ............... [RUN]
[0m00:00:42.344439 [debug] [Thread-1 (]: Re-using an available connection from the pool (formerly list_retaildb_public_retail_dbt_mart, now model.retail_customer_360.stg_customers)
[0m00:00:42.348146 [debug] [Thread-2 (]: Re-using an available connection from the pool (formerly list_retaildb_public_retail_dbt_intermediate, now model.retail_customer_360.stg_products)
[0m00:00:42.351550 [debug] [Thread-3 (]: Re-using an available connection from the pool (formerly list_retaildb_public_retail_dbt_staging, now model.retail_customer_360.stg_sales)
[0m00:00:42.354859 [debug] [Thread-1 (]: Began compiling node model.retail_customer_360.stg_customers
[0m00:00:42.357749 [debug] [Thread-2 (]: Began compiling node model.retail_customer_360.stg_products
[0m00:00:42.360868 [debug] [Thread-3 (]: Began compiling node model.retail_customer_360.stg_sales
[0m00:00:42.378735 [debug] [Thread-2 (]: Writing injected SQL for node "model.retail_customer_360.stg_products"
[0m00:00:42.380459 [debug] [Thread-1 (]: Writing injected SQL for node "model.retail_customer_360.stg_customers"
[0m00:00:42.386455 [debug] [Thread-3 (]: Writing injected SQL for node "model.retail_customer_360.stg_sales"
[0m00:00:42.472829 [debug] [Thread-1 (]: Began executing node model.retail_customer_360.stg_customers
[0m00:00:42.488992 [debug] [Thread-3 (]: Began executing node model.retail_customer_360.stg_sales
[0m00:00:42.515875 [debug] [Thread-2 (]: Began executing node model.retail_customer_360.stg_products
[0m00:00:42.606592 [debug] [Thread-1 (]: Writing runtime sql for node "model.retail_customer_360.stg_customers"
[0m00:00:42.603549 [debug] [Thread-2 (]: Writing runtime sql for node "model.retail_customer_360.stg_products"
[0m00:00:42.608906 [debug] [Thread-3 (]: Writing runtime sql for node "model.retail_customer_360.stg_sales"
[0m00:00:42.678024 [debug] [Thread-2 (]: Using postgres connection "model.retail_customer_360.stg_products"
[0m00:00:42.681828 [debug] [Thread-2 (]: On model.retail_customer_360.stg_products: /* {"app": "dbt", "dbt_version": "1.12.5", "profile_name": "retail_customer_360", "target_name": "dev", "node_id": "model.retail_customer_360.stg_products"} */

  create view "retaildb"."public_retail_dbt_staging"."stg_products__dbt_tmp"
    
    
  as (
    select
    product_id,
    category,
    brand,
    description,
    price
from retail_staging.products
  );
[0m00:00:42.685805 [debug] [Thread-3 (]: Using postgres connection "model.retail_customer_360.stg_sales"
[0m00:00:42.687278 [debug] [Thread-2 (]: Opening a new connection, currently in state closed
[0m00:00:42.691404 [debug] [Thread-3 (]: On model.retail_customer_360.stg_sales: /* {"app": "dbt", "dbt_version": "1.12.5", "profile_name": "retail_customer_360", "target_name": "dev", "node_id": "model.retail_customer_360.stg_sales"} */

  create view "retaildb"."public_retail_dbt_staging"."stg_sales__dbt_tmp"
    
    
  as (
    select
    sale_id,
    customer_id,
    product_id,
    timestamp,
    quantity,
    unit_price
from retail_staging.sales
  );
[0m00:00:42.697254 [debug] [Thread-1 (]: Using postgres connection "model.retail_customer_360.stg_customers"
[0m00:00:42.698715 [debug] [Thread-3 (]: Opening a new connection, currently in state closed
[0m00:00:42.702128 [debug] [Thread-1 (]: On model.retail_customer_360.stg_customers: /* {"app": "dbt", "dbt_version": "1.12.5", "profile_name": "retail_customer_360", "target_name": "dev", "node_id": "model.retail_customer_360.stg_customers"} */

  create view "retaildb"."public_retail_dbt_staging"."stg_customers__dbt_tmp"
    
    
  as (
    select
    customer_id,
    signup_date,
    city,
    segment
from retail_staging.customers
  );
[0m00:00:42.709442 [debug] [Thread-1 (]: Opening a new connection, currently in state closed
[0m00:00:42.740056 [debug] [Thread-3 (]: SQL status: CREATE VIEW in 0.041 seconds
[0m00:00:42.741036 [debug] [Thread-2 (]: SQL status: CREATE VIEW in 0.054 seconds
[0m00:00:42.742109 [debug] [Thread-1 (]: SQL status: CREATE VIEW in 0.033 seconds
[0m00:00:42.750632 [debug] [Thread-3 (]: Using postgres connection "model.retail_customer_360.stg_sales"
[0m00:00:42.754062 [debug] [Thread-2 (]: Using postgres connection "model.retail_customer_360.stg_products"
[0m00:00:42.758281 [debug] [Thread-1 (]: Using postgres connection "model.retail_customer_360.stg_customers"
[0m00:00:42.760606 [debug] [Thread-3 (]: On model.retail_customer_360.stg_sales: /* {"app": "dbt", "dbt_version": "1.12.5", "profile_name": "retail_customer_360", "target_name": "dev", "node_id": "model.retail_customer_360.stg_sales"} */
alter table "retaildb"."public_retail_dbt_staging"."stg_sales" rename to "stg_sales__dbt_backup"
[0m00:00:42.762471 [debug] [Thread-2 (]: On model.retail_customer_360.stg_products: /* {"app": "dbt", "dbt_version": "1.12.5", "profile_name": "retail_customer_360", "target_name": "dev", "node_id": "model.retail_customer_360.stg_products"} */
alter table "retaildb"."public_retail_dbt_staging"."stg_products" rename to "stg_products__dbt_backup"
[0m00:00:42.764812 [debug] [Thread-1 (]: On model.retail_customer_360.stg_customers: /* {"app": "dbt", "dbt_version": "1.12.5", "profile_name": "retail_customer_360", "target_name": "dev", "node_id": "model.retail_customer_360.stg_customers"} */
alter table "retaildb"."public_retail_dbt_staging"."stg_customers" rename to "stg_customers__dbt_backup"
[0m00:00:42.770664 [debug] [Thread-3 (]: SQL status: ALTER TABLE in 0.004 seconds
[0m00:00:42.771289 [debug] [Thread-2 (]: SQL status: ALTER TABLE in 0.003 seconds
[0m00:00:42.771784 [debug] [Thread-1 (]: SQL status: ALTER TABLE in 0.001 seconds
[0m00:00:42.775713 [debug] [Thread-3 (]: Using postgres connection "model.retail_customer_360.stg_sales"
[0m00:00:42.779745 [debug] [Thread-2 (]: Using postgres connection "model.retail_customer_360.stg_products"
[0m00:00:42.784954 [debug] [Thread-1 (]: Using postgres connection "model.retail_customer_360.stg_customers"
[0m00:00:42.787776 [debug] [Thread-3 (]: On model.retail_customer_360.stg_sales: /* {"app": "dbt", "dbt_version": "1.12.5", "profile_name": "retail_customer_360", "target_name": "dev", "node_id": "model.retail_customer_360.stg_sales"} */
alter table "retaildb"."public_retail_dbt_staging"."stg_sales__dbt_tmp" rename to "stg_sales"
[0m00:00:42.789916 [debug] [Thread-2 (]: On model.retail_customer_360.stg_products: /* {"app": "dbt", "dbt_version": "1.12.5", "profile_name": "retail_customer_360", "target_name": "dev", "node_id": "model.retail_customer_360.stg_products"} */
alter table "retaildb"."public_retail_dbt_staging"."stg_products__dbt_tmp" rename to "stg_products"
[0m00:00:42.792580 [debug] [Thread-1 (]: On model.retail_customer_360.stg_customers: /* {"app": "dbt", "dbt_version": "1.12.5", "profile_name": "retail_customer_360", "target_name": "dev", "node_id": "model.retail_customer_360.stg_customers"} */
alter table "retaildb"."public_retail_dbt_staging"."stg_customers__dbt_tmp" rename to "stg_customers"
[0m00:00:42.795798 [debug] [Thread-3 (]: SQL status: ALTER TABLE in 0.001 seconds
[0m00:00:42.796976 [debug] [Thread-2 (]: SQL status: ALTER TABLE in 0.001 seconds
[0m00:00:42.799365 [debug] [Thread-1 (]: SQL status: ALTER TABLE in 0.001 seconds
[0m00:00:42.837388 [debug] [Thread-1 (]: On model.retail_customer_360.stg_customers: COMMIT
[0m00:00:42.838097 [debug] [Thread-2 (]: On model.retail_customer_360.stg_products: COMMIT
[0m00:00:42.838882 [debug] [Thread-3 (]: On model.retail_customer_360.stg_sales: COMMIT
[0m00:00:42.839610 [debug] [Thread-1 (]: Using postgres connection "model.retail_customer_360.stg_customers"
[0m00:00:42.841457 [debug] [Thread-2 (]: Using postgres connection "model.retail_customer_360.stg_products"
[0m00:00:42.843124 [debug] [Thread-3 (]: Using postgres connection "model.retail_customer_360.stg_sales"
[0m00:00:42.846244 [debug] [Thread-1 (]: On model.retail_customer_360.stg_customers: COMMIT
[0m00:00:42.849309 [debug] [Thread-2 (]: On model.retail_customer_360.stg_products: COMMIT
[0m00:00:42.851687 [debug] [Thread-3 (]: On model.retail_customer_360.stg_sales: COMMIT
[0m00:00:42.855476 [debug] [Thread-1 (]: SQL status: COMMIT in 0.002 seconds
[0m00:00:42.856577 [debug] [Thread-2 (]: SQL status: COMMIT in 0.001 seconds
[0m00:00:42.858321 [debug] [Thread-3 (]: SQL status: COMMIT in 0.001 seconds
[0m00:00:42.868496 [debug] [Thread-1 (]: Applying DROP to: "retaildb"."public_retail_dbt_staging"."stg_customers__dbt_backup"
[0m00:00:42.871495 [debug] [Thread-2 (]: Applying DROP to: "retaildb"."public_retail_dbt_staging"."stg_products__dbt_backup"
[0m00:00:42.876873 [debug] [Thread-3 (]: Applying DROP to: "retaildb"."public_retail_dbt_staging"."stg_sales__dbt_backup"
[0m00:00:42.889543 [debug] [Thread-1 (]: Using postgres connection "model.retail_customer_360.stg_customers"
[0m00:00:42.890761 [debug] [Thread-2 (]: Using postgres connection "model.retail_customer_360.stg_products"
[0m00:00:42.893550 [debug] [Thread-3 (]: Using postgres connection "model.retail_customer_360.stg_sales"
[0m00:00:42.896172 [debug] [Thread-1 (]: On model.retail_customer_360.stg_customers: /* {"app": "dbt", "dbt_version": "1.12.5", "profile_name": "retail_customer_360", "target_name": "dev", "node_id": "model.retail_customer_360.stg_customers"} */
drop view if exists "retaildb"."public_retail_dbt_staging"."stg_customers__dbt_backup" cascade
[0m00:00:42.898570 [debug] [Thread-2 (]: On model.retail_customer_360.stg_products: /* {"app": "dbt", "dbt_version": "1.12.5", "profile_name": "retail_customer_360", "target_name": "dev", "node_id": "model.retail_customer_360.stg_products"} */
drop view if exists "retaildb"."public_retail_dbt_staging"."stg_products__dbt_backup" cascade
[0m00:00:42.900946 [debug] [Thread-3 (]: On model.retail_customer_360.stg_sales: /* {"app": "dbt", "dbt_version": "1.12.5", "profile_name": "retail_customer_360", "target_name": "dev", "node_id": "model.retail_customer_360.stg_sales"} */
drop view if exists "retaildb"."public_retail_dbt_staging"."stg_sales__dbt_backup" cascade
[0m00:00:42.913745 [debug] [Thread-3 (]: SQL status: DROP VIEW in 0.005 seconds
[0m00:00:42.914919 [debug] [Thread-2 (]: SQL status: DROP VIEW in 0.009 seconds
[0m00:00:42.915969 [debug] [Thread-1 (]: SQL status: DROP VIEW in 0.012 seconds
[0m00:00:42.920796 [debug] [Thread-3 (]: On model.retail_customer_360.stg_sales: Close
[0m00:00:42.925997 [debug] [Thread-2 (]: On model.retail_customer_360.stg_products: Close
[0m00:00:42.930866 [debug] [Thread-1 (]: On model.retail_customer_360.stg_customers: Close
[0m00:00:42.940049 [debug] [Thread-3 (]: Sending event: {'category': 'dbt', 'action': 'run_model', 'label': '4264ea6d-e4b4-4804-a19d-5fc2c8938f1c', 'context': [<snowplow_tracker.self_describing_json.SelfDescribingJson object at 0x7e5564cb5430>]}
[0m00:00:42.944150 [debug] [Thread-2 (]: Sending event: {'category': 'dbt', 'action': 'run_model', 'label': '4264ea6d-e4b4-4804-a19d-5fc2c8938f1c', 'context': [<snowplow_tracker.self_describing_json.SelfDescribingJson object at 0x7e55613e5d90>]}
[0m00:00:42.946907 [debug] [Thread-1 (]: Sending event: {'category': 'dbt', 'action': 'run_model', 'label': '4264ea6d-e4b4-4804-a19d-5fc2c8938f1c', 'context': [<snowplow_tracker.self_describing_json.SelfDescribingJson object at 0x7e55617d4320>]}
[0m00:00:42.950081 [info ] [Thread-3 (]: 3 of 21 OK created sql view model public_retail_dbt_staging.stg_sales .......... [[32mCREATE VIEW[0m in 0.58s]
[0m00:00:42.954028 [info ] [Thread-2 (]: 2 of 21 OK created sql view model public_retail_dbt_staging.stg_products ....... [[32mCREATE VIEW[0m in 0.59s]
[0m00:00:42.958277 [info ] [Thread-1 (]: 1 of 21 OK created sql view model public_retail_dbt_staging.stg_customers ...... [[32mCREATE VIEW[0m in 0.60s]
[0m00:00:42.960792 [debug] [Thread-3 (]: Finished running node model.retail_customer_360.stg_sales
[0m00:00:42.963193 [debug] [Thread-2 (]: Finished running node model.retail_customer_360.stg_products
[0m00:00:42.966785 [debug] [Thread-1 (]: Finished running node model.retail_customer_360.stg_customers
[0m00:00:42.970276 [debug] [Thread-4 (]: Began running node test.retail_customer_360.not_null_stg_sales_customer_id.af88ce3793
[0m00:00:42.971223 [debug] [Thread-3 (]: Began running node test.retail_customer_360.not_null_stg_sales_product_id.f0a6c99276
[0m00:00:42.972624 [debug] [Thread-2 (]: Began running node test.retail_customer_360.not_null_stg_sales_quantity.0198ea4c12
[0m00:00:42.975864 [debug] [Thread-1 (]: Began running node test.retail_customer_360.not_null_stg_sales_sale_id.6b07c53929
[0m00:00:42.978357 [info ] [Thread-4 (]: 4 of 21 START test not_null_stg_sales_customer_id .............................. [RUN]
[0m00:00:42.981147 [info ] [Thread-3 (]: 5 of 21 START test not_null_stg_sales_product_id ............................... [RUN]
[0m00:00:42.983595 [info ] [Thread-2 (]: 6 of 21 START test not_null_stg_sales_quantity ................................. [RUN]
[0m00:00:42.987652 [info ] [Thread-1 (]: 7 of 21 START test not_null_stg_sales_sale_id .................................. [RUN]
[0m00:00:42.990854 [debug] [Thread-4 (]: Acquiring new postgres connection 'test.retail_customer_360.not_null_stg_sales_customer_id.af88ce3793'
[0m00:00:42.993827 [debug] [Thread-3 (]: Re-using an available connection from the pool (formerly model.retail_customer_360.stg_sales, now test.retail_customer_360.not_null_stg_sales_product_id.f0a6c99276)
[0m00:00:42.996671 [debug] [Thread-2 (]: Re-using an available connection from the pool (formerly model.retail_customer_360.stg_products, now test.retail_customer_360.not_null_stg_sales_quantity.0198ea4c12)
[0m00:00:42.999429 [debug] [Thread-1 (]: Re-using an available connection from the pool (formerly model.retail_customer_360.stg_customers, now test.retail_customer_360.not_null_stg_sales_sale_id.6b07c53929)
[0m00:00:43.002193 [debug] [Thread-4 (]: Began compiling node test.retail_customer_360.not_null_stg_sales_customer_id.af88ce3793
[0m00:00:43.006586 [debug] [Thread-3 (]: Began compiling node test.retail_customer_360.not_null_stg_sales_product_id.f0a6c99276
[0m00:00:43.009895 [debug] [Thread-2 (]: Began compiling node test.retail_customer_360.not_null_stg_sales_quantity.0198ea4c12
[0m00:00:43.013129 [debug] [Thread-1 (]: Began compiling node test.retail_customer_360.not_null_stg_sales_sale_id.6b07c53929
[0m00:00:43.059120 [debug] [Thread-4 (]: Writing injected SQL for node "test.retail_customer_360.not_null_stg_sales_customer_id.af88ce3793"
[0m00:00:43.063217 [debug] [Thread-2 (]: Writing injected SQL for node "test.retail_customer_360.not_null_stg_sales_quantity.0198ea4c12"
[0m00:00:43.077192 [debug] [Thread-3 (]: Writing injected SQL for node "test.retail_customer_360.not_null_stg_sales_product_id.f0a6c99276"
[0m00:00:43.087813 [debug] [Thread-1 (]: Writing injected SQL for node "test.retail_customer_360.not_null_stg_sales_sale_id.6b07c53929"
[0m00:00:43.126704 [debug] [Thread-4 (]: Began executing node test.retail_customer_360.not_null_stg_sales_customer_id.af88ce3793
[0m00:00:43.161304 [debug] [Thread-1 (]: Began executing node test.retail_customer_360.not_null_stg_sales_sale_id.6b07c53929
[0m00:00:43.175482 [debug] [Thread-3 (]: Began executing node test.retail_customer_360.not_null_stg_sales_product_id.f0a6c99276
[0m00:00:43.176879 [debug] [Thread-2 (]: Began executing node test.retail_customer_360.not_null_stg_sales_quantity.0198ea4c12
[0m00:00:43.188911 [debug] [Thread-4 (]: Writing runtime sql for node "test.retail_customer_360.not_null_stg_sales_customer_id.af88ce3793"
[0m00:00:43.193282 [debug] [Thread-1 (]: Writing runtime sql for node "test.retail_customer_360.not_null_stg_sales_sale_id.6b07c53929"
[0m00:00:43.197604 [debug] [Thread-3 (]: Writing runtime sql for node "test.retail_customer_360.not_null_stg_sales_product_id.f0a6c99276"
[0m00:00:43.203268 [debug] [Thread-2 (]: Writing runtime sql for node "test.retail_customer_360.not_null_stg_sales_quantity.0198ea4c12"
[0m00:00:43.256164 [debug] [Thread-3 (]: Using postgres connection "test.retail_customer_360.not_null_stg_sales_product_id.f0a6c99276"
[0m00:00:43.259300 [debug] [Thread-3 (]: On test.retail_customer_360.not_null_stg_sales_product_id.f0a6c99276: /* {"app": "dbt", "dbt_version": "1.12.5", "profile_name": "retail_customer_360", "target_name": "dev", "node_id": "test.retail_customer_360.not_null_stg_sales_product_id.f0a6c99276"} */

    
    select
      count(*) as failures,
      count(*) != 0 as should_warn,
      count(*) != 0 as should_error
    from (
      
    
  
    
    



select product_id
from "retaildb"."public_retail_dbt_staging"."stg_sales"
where product_id is null



  
  
      
    ) dbt_internal_test
[0m00:00:43.262953 [debug] [Thread-3 (]: Opening a new connection, currently in state closed
[0m00:00:43.265319 [debug] [Thread-1 (]: Using postgres connection "test.retail_customer_360.not_null_stg_sales_sale_id.6b07c53929"
[0m00:00:43.268966 [debug] [Thread-1 (]: On test.retail_customer_360.not_null_stg_sales_sale_id.6b07c53929: /* {"app": "dbt", "dbt_version": "1.12.5", "profile_name": "retail_customer_360", "target_name": "dev", "node_id": "test.retail_customer_360.not_null_stg_sales_sale_id.6b07c53929"} */

    
    select
      count(*) as failures,
      count(*) != 0 as should_warn,
      count(*) != 0 as should_error
    from (
      
    
  
    
    



select sale_id
from "retaildb"."public_retail_dbt_staging"."stg_sales"
where sale_id is null



  
  
      
    ) dbt_internal_test
[0m00:00:43.272316 [debug] [Thread-1 (]: Opening a new connection, currently in state closed
[0m00:00:43.274771 [debug] [Thread-2 (]: Using postgres connection "test.retail_customer_360.not_null_stg_sales_quantity.0198ea4c12"
[0m00:00:43.279178 [debug] [Thread-2 (]: On test.retail_customer_360.not_null_stg_sales_quantity.0198ea4c12: /* {"app": "dbt", "dbt_version": "1.12.5", "profile_name": "retail_customer_360", "target_name": "dev", "node_id": "test.retail_customer_360.not_null_stg_sales_quantity.0198ea4c12"} */

    
    select
      count(*) as failures,
      count(*) != 0 as should_warn,
      count(*) != 0 as should_error
    from (
      
    
  
    
    



select quantity
from "retaildb"."public_retail_dbt_staging"."stg_sales"
where quantity is null



  
  
      
    ) dbt_internal_test
[0m00:00:43.281109 [debug] [Thread-4 (]: Using postgres connection "test.retail_customer_360.not_null_stg_sales_customer_id.af88ce3793"
[0m00:00:43.282169 [debug] [Thread-2 (]: Opening a new connection, currently in state closed
[0m00:00:43.285195 [debug] [Thread-4 (]: On test.retail_customer_360.not_null_stg_sales_customer_id.af88ce3793: /* {"app": "dbt", "dbt_version": "1.12.5", "profile_name": "retail_customer_360", "target_name": "dev", "node_id": "test.retail_customer_360.not_null_stg_sales_customer_id.af88ce3793"} */

    
    select
      count(*) as failures,
      count(*) != 0 as should_warn,
      count(*) != 0 as should_error
    from (
      
    
  
    
    



select customer_id
from "retaildb"."public_retail_dbt_staging"."stg_sales"
where customer_id is null



  
  
      
    ) dbt_internal_test
[0m00:00:43.287410 [debug] [Thread-3 (]: SQL status: SELECT 1 in 0.024 seconds
[0m00:00:43.290702 [debug] [Thread-1 (]: SQL status: SELECT 1 in 0.019 seconds
[0m00:00:43.291340 [debug] [Thread-4 (]: Opening a new connection, currently in state init
[0m00:00:43.299851 [debug] [Thread-3 (]: On test.retail_customer_360.not_null_stg_sales_product_id.f0a6c99276: ROLLBACK
[0m00:00:43.304340 [debug] [Thread-1 (]: On test.retail_customer_360.not_null_stg_sales_sale_id.6b07c53929: ROLLBACK
[0m00:00:43.307844 [debug] [Thread-2 (]: SQL status: SELECT 1 in 0.026 seconds
[0m00:00:43.309410 [debug] [Thread-3 (]: On test.retail_customer_360.not_null_stg_sales_product_id.f0a6c99276: Close
[0m00:00:43.310823 [debug] [Thread-1 (]: On test.retail_customer_360.not_null_stg_sales_sale_id.6b07c53929: Close
[0m00:00:43.314024 [debug] [Thread-2 (]: On test.retail_customer_360.not_null_stg_sales_quantity.0198ea4c12: ROLLBACK
[0m00:00:43.319050 [info ] [Thread-3 (]: 5 of 21 PASS not_null_stg_sales_product_id ..................................... [[32mPASS[0m in 0.33s]
[0m00:00:43.321892 [info ] [Thread-1 (]: 7 of 21 PASS not_null_stg_sales_sale_id ........................................ [[32mPASS[0m in 0.32s]
[0m00:00:43.324408 [debug] [Thread-4 (]: SQL status: SELECT 1 in 0.032 seconds
[0m00:00:43.326541 [debug] [Thread-2 (]: On test.retail_customer_360.not_null_stg_sales_quantity.0198ea4c12: Close
[0m00:00:43.328362 [debug] [Thread-3 (]: Finished running node test.retail_customer_360.not_null_stg_sales_product_id.f0a6c99276
[0m00:00:43.330440 [debug] [Thread-1 (]: Finished running node test.retail_customer_360.not_null_stg_sales_sale_id.6b07c53929
[0m00:00:43.334895 [debug] [Thread-4 (]: On test.retail_customer_360.not_null_stg_sales_customer_id.af88ce3793: ROLLBACK
[0m00:00:43.337317 [info ] [Thread-2 (]: 6 of 21 PASS not_null_stg_sales_quantity ....................................... [[32mPASS[0m in 0.34s]
[0m00:00:43.338619 [debug] [Thread-3 (]: Began running node test.retail_customer_360.not_null_stg_sales_unit_price.1990b54df6
[0m00:00:43.340414 [debug] [Thread-1 (]: Began running node test.retail_customer_360.unique_stg_sales_sale_id.8a4f7c9521
[0m00:00:43.342249 [debug] [Thread-4 (]: On test.retail_customer_360.not_null_stg_sales_customer_id.af88ce3793: Close
[0m00:00:43.343285 [debug] [Thread-2 (]: Finished running node test.retail_customer_360.not_null_stg_sales_quantity.0198ea4c12
[0m00:00:43.346234 [info ] [Thread-3 (]: 8 of 21 START test not_null_stg_sales_unit_price ............................... [RUN]
[0m00:00:43.349448 [info ] [Thread-1 (]: 9 of 21 START test unique_stg_sales_sale_id .................................... [RUN]
[0m00:00:43.352381 [debug] [Thread-2 (]: Began running node test.retail_customer_360.not_null_stg_products_price.2d147627d4
[0m00:00:43.351795 [info ] [Thread-4 (]: 4 of 21 PASS not_null_stg_sales_customer_id .................................... [[32mPASS[0m in 0.36s]
[0m00:00:43.354414 [debug] [Thread-3 (]: Re-using an available connection from the pool (formerly test.retail_customer_360.not_null_stg_sales_product_id.f0a6c99276, now test.retail_customer_360.not_null_stg_sales_unit_price.1990b54df6)
[0m00:00:43.356187 [debug] [Thread-1 (]: Re-using an available connection from the pool (formerly test.retail_customer_360.not_null_stg_sales_sale_id.6b07c53929, now test.retail_customer_360.unique_stg_sales_sale_id.8a4f7c9521)
[0m00:00:43.358364 [info ] [Thread-2 (]: 10 of 21 START test not_null_stg_products_price ................................ [RUN]
[0m00:00:43.360805 [debug] [Thread-4 (]: Finished running node test.retail_customer_360.not_null_stg_sales_customer_id.af88ce3793
[0m00:00:43.363072 [debug] [Thread-3 (]: Began compiling node test.retail_customer_360.not_null_stg_sales_unit_price.1990b54df6
[0m00:00:43.366930 [debug] [Thread-1 (]: Began compiling node test.retail_customer_360.unique_stg_sales_sale_id.8a4f7c9521
[0m00:00:43.369461 [debug] [Thread-2 (]: Re-using an available connection from the pool (formerly test.retail_customer_360.not_null_stg_sales_quantity.0198ea4c12, now test.retail_customer_360.not_null_stg_products_price.2d147627d4)
[0m00:00:43.371915 [debug] [Thread-4 (]: Began running node test.retail_customer_360.not_null_stg_products_product_id.6373b0acf3
[0m00:00:43.394465 [debug] [Thread-3 (]: Writing injected SQL for node "test.retail_customer_360.not_null_stg_sales_unit_price.1990b54df6"
[0m00:00:43.404264 [debug] [Thread-1 (]: Writing injected SQL for node "test.retail_customer_360.unique_stg_sales_sale_id.8a4f7c9521"
[0m00:00:43.407240 [debug] [Thread-2 (]: Began compiling node test.retail_customer_360.not_null_stg_products_price.2d147627d4
[0m00:00:43.409668 [info ] [Thread-4 (]: 11 of 21 START test not_null_stg_products_product_id ........................... [RUN]
[0m00:00:43.431685 [debug] [Thread-4 (]: Re-using an available connection from the pool (formerly test.retail_customer_360.not_null_stg_sales_customer_id.af88ce3793, now test.retail_customer_360.not_null_stg_products_product_id.6373b0acf3)
[0m00:00:43.434454 [debug] [Thread-2 (]: Writing injected SQL for node "test.retail_customer_360.not_null_stg_products_price.2d147627d4"
[0m00:00:43.435803 [debug] [Thread-4 (]: Began compiling node test.retail_customer_360.not_null_stg_products_product_id.6373b0acf3
[0m00:00:43.463216 [debug] [Thread-4 (]: Writing injected SQL for node "test.retail_customer_360.not_null_stg_products_product_id.6373b0acf3"
[0m00:00:43.468685 [debug] [Thread-3 (]: Began executing node test.retail_customer_360.not_null_stg_sales_unit_price.1990b54df6
[0m00:00:43.476634 [debug] [Thread-3 (]: Writing runtime sql for node "test.retail_customer_360.not_null_stg_sales_unit_price.1990b54df6"
[0m00:00:43.477692 [debug] [Thread-1 (]: Began executing node test.retail_customer_360.unique_stg_sales_sale_id.8a4f7c9521
[0m00:00:43.481877 [debug] [Thread-2 (]: Began executing node test.retail_customer_360.not_null_stg_products_price.2d147627d4
[0m00:00:43.486301 [debug] [Thread-1 (]: Writing runtime sql for node "test.retail_customer_360.unique_stg_sales_sale_id.8a4f7c9521"
[0m00:00:43.487463 [debug] [Thread-4 (]: Began executing node test.retail_customer_360.not_null_stg_products_product_id.6373b0acf3
[0m00:00:43.493711 [debug] [Thread-2 (]: Writing runtime sql for node "test.retail_customer_360.not_null_stg_products_price.2d147627d4"
[0m00:00:43.498740 [debug] [Thread-4 (]: Writing runtime sql for node "test.retail_customer_360.not_null_stg_products_product_id.6373b0acf3"
[0m00:00:43.513318 [debug] [Thread-3 (]: Using postgres connection "test.retail_customer_360.not_null_stg_sales_unit_price.1990b54df6"
[0m00:00:43.515799 [debug] [Thread-3 (]: On test.retail_customer_360.not_null_stg_sales_unit_price.1990b54df6: /* {"app": "dbt", "dbt_version": "1.12.5", "profile_name": "retail_customer_360", "target_name": "dev", "node_id": "test.retail_customer_360.not_null_stg_sales_unit_price.1990b54df6"} */

    
    select
      count(*) as failures,
      count(*) != 0 as should_warn,
      count(*) != 0 as should_error
    from (
      
    
  
    
    



select unit_price
from "retaildb"."public_retail_dbt_staging"."stg_sales"
where unit_price is null



  
  
      
    ) dbt_internal_test
[0m00:00:43.518633 [debug] [Thread-3 (]: Opening a new connection, currently in state closed
[0m00:00:43.519321 [debug] [Thread-4 (]: Using postgres connection "test.retail_customer_360.not_null_stg_products_product_id.6373b0acf3"
[0m00:00:43.524922 [debug] [Thread-4 (]: On test.retail_customer_360.not_null_stg_products_product_id.6373b0acf3: /* {"app": "dbt", "dbt_version": "1.12.5", "profile_name": "retail_customer_360", "target_name": "dev", "node_id": "test.retail_customer_360.not_null_stg_products_product_id.6373b0acf3"} */

    
    select
      count(*) as failures,
      count(*) != 0 as should_warn,
      count(*) != 0 as should_error
    from (
      
    
  
    
    



select product_id
from "retaildb"."public_retail_dbt_staging"."stg_products"
where product_id is null



  
  
      
    ) dbt_internal_test
[0m00:00:43.526966 [debug] [Thread-1 (]: Using postgres connection "test.retail_customer_360.unique_stg_sales_sale_id.8a4f7c9521"
[0m00:00:43.528327 [debug] [Thread-4 (]: Opening a new connection, currently in state closed
[0m00:00:43.530928 [debug] [Thread-1 (]: On test.retail_customer_360.unique_stg_sales_sale_id.8a4f7c9521: /* {"app": "dbt", "dbt_version": "1.12.5", "profile_name": "retail_customer_360", "target_name": "dev", "node_id": "test.retail_customer_360.unique_stg_sales_sale_id.8a4f7c9521"} */

    
    select
      count(*) as failures,
      count(*) != 0 as should_warn,
      count(*) != 0 as should_error
    from (
      
    
  
    
    

select
    sale_id as unique_field,
    count(*) as n_records

from "retaildb"."public_retail_dbt_staging"."stg_sales"
where sale_id is not null
group by sale_id
having count(*) > 1



  
  
      
    ) dbt_internal_test
[0m00:00:43.532953 [debug] [Thread-2 (]: Using postgres connection "test.retail_customer_360.not_null_stg_products_price.2d147627d4"
[0m00:00:43.534767 [debug] [Thread-1 (]: Opening a new connection, currently in state closed
[0m00:00:43.537311 [debug] [Thread-3 (]: SQL status: SELECT 1 in 0.018 seconds
[0m00:00:43.539013 [debug] [Thread-2 (]: On test.retail_customer_360.not_null_stg_products_price.2d147627d4: /* {"app": "dbt", "dbt_version": "1.12.5", "profile_name": "retail_customer_360", "target_name": "dev", "node_id": "test.retail_customer_360.not_null_stg_products_price.2d147627d4"} */

    
    select
      count(*) as failures,
      count(*) != 0 as should_warn,
      count(*) != 0 as should_error
    from (
      
    
  
    
    



select price
from "retaildb"."public_retail_dbt_staging"."stg_products"
where price is null



  
  
      
    ) dbt_internal_test
[0m00:00:43.548316 [debug] [Thread-3 (]: On test.retail_customer_360.not_null_stg_sales_unit_price.1990b54df6: ROLLBACK
[0m00:00:43.550628 [debug] [Thread-4 (]: SQL status: SELECT 1 in 0.022 seconds
[0m00:00:43.551755 [debug] [Thread-2 (]: Opening a new connection, currently in state closed
[0m00:00:43.556315 [debug] [Thread-3 (]: On test.retail_customer_360.not_null_stg_sales_unit_price.1990b54df6: Close
[0m00:00:43.559891 [debug] [Thread-4 (]: On test.retail_customer_360.not_null_stg_products_product_id.6373b0acf3: ROLLBACK
[0m00:00:43.560648 [debug] [Thread-1 (]: SQL status: SELECT 1 in 0.026 seconds
[0m00:00:43.563614 [info ] [Thread-3 (]: 8 of 21 PASS not_null_stg_sales_unit_price ..................................... [[32mPASS[0m in 0.21s]
[0m00:00:43.567622 [debug] [Thread-4 (]: On test.retail_customer_360.not_null_stg_products_product_id.6373b0acf3: Close
[0m00:00:43.573040 [debug] [Thread-1 (]: On test.retail_customer_360.unique_stg_sales_sale_id.8a4f7c9521: ROLLBACK
[0m00:00:43.577454 [debug] [Thread-3 (]: Finished running node test.retail_customer_360.not_null_stg_sales_unit_price.1990b54df6
[0m00:00:43.579487 [debug] [Thread-2 (]: SQL status: SELECT 1 in 0.028 seconds
[0m00:00:43.580351 [info ] [Thread-4 (]: 11 of 21 PASS not_null_stg_products_product_id ................................. [[32mPASS[0m in 0.15s]
[0m00:00:43.582636 [debug] [Thread-1 (]: On test.retail_customer_360.unique_stg_sales_sale_id.8a4f7c9521: Close
[0m00:00:43.585168 [debug] [Thread-3 (]: Began running node test.retail_customer_360.relationships_stg_sales_product_id__product_id__ref_stg_products_.57e6472e6d
[0m00:00:43.589508 [debug] [Thread-2 (]: On test.retail_customer_360.not_null_stg_products_price.2d147627d4: ROLLBACK
[0m00:00:43.591405 [debug] [Thread-4 (]: Finished running node test.retail_customer_360.not_null_stg_products_product_id.6373b0acf3
[0m00:00:43.593936 [info ] [Thread-1 (]: 9 of 21 PASS unique_stg_sales_sale_id .......................................... [[32mPASS[0m in 0.24s]
[0m00:00:43.595757 [info ] [Thread-3 (]: 12 of 21 START test relationships_stg_sales_product_id__product_id__ref_stg_products_  [RUN]
[0m00:00:43.598494 [debug] [Thread-2 (]: On test.retail_customer_360.not_null_stg_products_price.2d147627d4: Close
[0m00:00:43.600474 [debug] [Thread-4 (]: Began running node test.retail_customer_360.unique_stg_products_product_id.7d950a1467
[0m00:00:43.602967 [debug] [Thread-1 (]: Finished running node test.retail_customer_360.unique_stg_sales_sale_id.8a4f7c9521
[0m00:00:43.606163 [debug] [Thread-3 (]: Re-using an available connection from the pool (formerly test.retail_customer_360.not_null_stg_sales_unit_price.1990b54df6, now test.retail_customer_360.relationships_stg_sales_product_id__product_id__ref_stg_products_.57e6472e6d)
[0m00:00:43.609119 [info ] [Thread-2 (]: 10 of 21 PASS not_null_stg_products_price ...................................... [[32mPASS[0m in 0.24s]
[0m00:00:43.610330 [info ] [Thread-4 (]: 13 of 21 START test unique_stg_products_product_id ............................. [RUN]
[0m00:00:43.612883 [debug] [Thread-1 (]: Began running node test.retail_customer_360.not_null_stg_customers_customer_id.e2cfb1f9aa
[0m00:00:43.615806 [debug] [Thread-3 (]: Began compiling node test.retail_customer_360.relationships_stg_sales_product_id__product_id__ref_stg_products_.57e6472e6d
[0m00:00:43.618787 [debug] [Thread-2 (]: Finished running node test.retail_customer_360.not_null_stg_products_price.2d147627d4
[0m00:00:43.621282 [debug] [Thread-4 (]: Re-using an available connection from the pool (formerly test.retail_customer_360.not_null_stg_products_product_id.6373b0acf3, now test.retail_customer_360.unique_stg_products_product_id.7d950a1467)
[0m00:00:43.623808 [info ] [Thread-1 (]: 14 of 21 START test not_null_stg_customers_customer_id ......................... [RUN]
[0m00:00:43.640408 [debug] [Thread-2 (]: Began running node test.retail_customer_360.not_null_stg_customers_signup_date.ef12d9c335
[0m00:00:43.646866 [debug] [Thread-3 (]: Writing injected SQL for node "test.retail_customer_360.relationships_stg_sales_product_id__product_id__ref_stg_products_.57e6472e6d"
[0m00:00:43.649233 [debug] [Thread-4 (]: Began compiling node test.retail_customer_360.unique_stg_products_product_id.7d950a1467
[0m00:00:43.651229 [debug] [Thread-1 (]: Re-using an available connection from the pool (formerly test.retail_customer_360.unique_stg_sales_sale_id.8a4f7c9521, now test.retail_customer_360.not_null_stg_customers_customer_id.e2cfb1f9aa)
[0m00:00:43.653490 [info ] [Thread-2 (]: 15 of 21 START test not_null_stg_customers_signup_date ......................... [RUN]
[0m00:00:43.667426 [debug] [Thread-4 (]: Writing injected SQL for node "test.retail_customer_360.unique_stg_products_product_id.7d950a1467"
[0m00:00:43.668105 [debug] [Thread-1 (]: Began compiling node test.retail_customer_360.not_null_stg_customers_customer_id.e2cfb1f9aa
[0m00:00:43.670143 [debug] [Thread-2 (]: Re-using an available connection from the pool (formerly test.retail_customer_360.not_null_stg_products_price.2d147627d4, now test.retail_customer_360.not_null_stg_customers_signup_date.ef12d9c335)
[0m00:00:43.687792 [debug] [Thread-2 (]: Began compiling node test.retail_customer_360.not_null_stg_customers_signup_date.ef12d9c335
[0m00:00:43.690834 [debug] [Thread-1 (]: Writing injected SQL for node "test.retail_customer_360.not_null_stg_customers_customer_id.e2cfb1f9aa"
[0m00:00:43.702992 [debug] [Thread-2 (]: Writing injected SQL for node "test.retail_customer_360.not_null_stg_customers_signup_date.ef12d9c335"
[0m00:00:43.707967 [debug] [Thread-3 (]: Began executing node test.retail_customer_360.relationships_stg_sales_product_id__product_id__ref_stg_products_.57e6472e6d
[0m00:00:43.710470 [debug] [Thread-4 (]: Began executing node test.retail_customer_360.unique_stg_products_product_id.7d950a1467
[0m00:00:43.715363 [debug] [Thread-3 (]: Writing runtime sql for node "test.retail_customer_360.relationships_stg_sales_product_id__product_id__ref_stg_products_.57e6472e6d"
[0m00:00:43.720358 [debug] [Thread-4 (]: Writing runtime sql for node "test.retail_customer_360.unique_stg_products_product_id.7d950a1467"
[0m00:00:43.724314 [debug] [Thread-1 (]: Began executing node test.retail_customer_360.not_null_stg_customers_customer_id.e2cfb1f9aa
[0m00:00:43.731461 [debug] [Thread-1 (]: Writing runtime sql for node "test.retail_customer_360.not_null_stg_customers_customer_id.e2cfb1f9aa"
[0m00:00:43.732204 [debug] [Thread-2 (]: Began executing node test.retail_customer_360.not_null_stg_customers_signup_date.ef12d9c335
[0m00:00:43.738623 [debug] [Thread-2 (]: Writing runtime sql for node "test.retail_customer_360.not_null_stg_customers_signup_date.ef12d9c335"
[0m00:00:43.747248 [debug] [Thread-4 (]: Using postgres connection "test.retail_customer_360.unique_stg_products_product_id.7d950a1467"
[0m00:00:43.750263 [debug] [Thread-4 (]: On test.retail_customer_360.unique_stg_products_product_id.7d950a1467: /* {"app": "dbt", "dbt_version": "1.12.5", "profile_name": "retail_customer_360", "target_name": "dev", "node_id": "test.retail_customer_360.unique_stg_products_product_id.7d950a1467"} */

    
    select
      count(*) as failures,
      count(*) != 0 as should_warn,
      count(*) != 0 as should_error
    from (
      
    
  
    
    

select
    product_id as unique_field,
    count(*) as n_records

from "retaildb"."public_retail_dbt_staging"."stg_products"
where product_id is not null
group by product_id
having count(*) > 1



  
  
      
    ) dbt_internal_test
[0m00:00:43.753120 [debug] [Thread-4 (]: Opening a new connection, currently in state closed
[0m00:00:43.754565 [debug] [Thread-1 (]: Using postgres connection "test.retail_customer_360.not_null_stg_customers_customer_id.e2cfb1f9aa"
[0m00:00:43.759211 [debug] [Thread-1 (]: On test.retail_customer_360.not_null_stg_customers_customer_id.e2cfb1f9aa: /* {"app": "dbt", "dbt_version": "1.12.5", "profile_name": "retail_customer_360", "target_name": "dev", "node_id": "test.retail_customer_360.not_null_stg_customers_customer_id.e2cfb1f9aa"} */

    
    select
      count(*) as failures,
      count(*) != 0 as should_warn,
      count(*) != 0 as should_error
    from (
      
    
  
    
    



select customer_id
from "retaildb"."public_retail_dbt_staging"."stg_customers"
where customer_id is null



  
  
      
    ) dbt_internal_test
[0m00:00:43.762892 [debug] [Thread-1 (]: Opening a new connection, currently in state closed
[0m00:00:43.765328 [debug] [Thread-3 (]: Using postgres connection "test.retail_customer_360.relationships_stg_sales_product_id__product_id__ref_stg_products_.57e6472e6d"
[0m00:00:43.769413 [debug] [Thread-3 (]: On test.retail_customer_360.relationships_stg_sales_product_id__product_id__ref_stg_products_.57e6472e6d: /* {"app": "dbt", "dbt_version": "1.12.5", "profile_name": "retail_customer_360", "target_name": "dev", "node_id": "test.retail_customer_360.relationships_stg_sales_product_id__product_id__ref_stg_products_.57e6472e6d"} */

    
    select
      count(*) as failures,
      count(*) != 0 as should_warn,
      count(*) != 0 as should_error
    from (
      
    
  
    
    

with child as (
    select product_id as from_field
    from "retaildb"."public_retail_dbt_staging"."stg_sales"
    where product_id is not null
),

parent as (
    select product_id as to_field
    from "retaildb"."public_retail_dbt_staging"."stg_products"
)

select
    from_field

from child
left join parent
    on child.from_field = parent.to_field

where parent.to_field is null



  
  
      
    ) dbt_internal_test
[0m00:00:43.772037 [debug] [Thread-2 (]: Using postgres connection "test.retail_customer_360.not_null_stg_customers_signup_date.ef12d9c335"
[0m00:00:43.773345 [debug] [Thread-3 (]: Opening a new connection, currently in state closed
[0m00:00:43.774700 [debug] [Thread-4 (]: SQL status: SELECT 1 in 0.021 seconds
[0m00:00:43.776349 [debug] [Thread-2 (]: On test.retail_customer_360.not_null_stg_customers_signup_date.ef12d9c335: /* {"app": "dbt", "dbt_version": "1.12.5", "profile_name": "retail_customer_360", "target_name": "dev", "node_id": "test.retail_customer_360.not_null_stg_customers_signup_date.ef12d9c335"} */

    
    select
      count(*) as failures,
      count(*) != 0 as should_warn,
      count(*) != 0 as should_error
    from (
      
    
  
    
    



select signup_date
from "retaildb"."public_retail_dbt_staging"."stg_customers"
where signup_date is null



  
  
      
    ) dbt_internal_test
[0m00:00:43.779268 [debug] [Thread-1 (]: SQL status: SELECT 1 in 0.016 seconds
[0m00:00:43.782833 [debug] [Thread-4 (]: On test.retail_customer_360.unique_stg_products_product_id.7d950a1467: ROLLBACK
[0m00:00:43.786277 [debug] [Thread-2 (]: Opening a new connection, currently in state closed
[0m00:00:43.790462 [debug] [Thread-1 (]: On test.retail_customer_360.not_null_stg_customers_customer_id.e2cfb1f9aa: ROLLBACK
[0m00:00:43.793291 [debug] [Thread-4 (]: On test.retail_customer_360.unique_stg_products_product_id.7d950a1467: Close
[0m00:00:43.794469 [debug] [Thread-3 (]: SQL status: SELECT 1 in 0.021 seconds
[0m00:00:43.797463 [debug] [Thread-1 (]: On test.retail_customer_360.not_null_stg_customers_customer_id.e2cfb1f9aa: Close
[0m00:00:43.799665 [info ] [Thread-4 (]: 13 of 21 PASS unique_stg_products_product_id ................................... [[32mPASS[0m in 0.18s]
[0m00:00:43.802657 [debug] [Thread-3 (]: On test.retail_customer_360.relationships_stg_sales_product_id__product_id__ref_stg_products_.57e6472e6d: ROLLBACK
[0m00:00:43.806733 [info ] [Thread-1 (]: 14 of 21 PASS not_null_stg_customers_customer_id ............................... [[32mPASS[0m in 0.16s]
[0m00:00:43.808187 [debug] [Thread-4 (]: Finished running node test.retail_customer_360.unique_stg_products_product_id.7d950a1467
[0m00:00:43.809537 [debug] [Thread-2 (]: SQL status: SELECT 1 in 0.023 seconds
[0m00:00:43.811242 [debug] [Thread-3 (]: On test.retail_customer_360.relationships_stg_sales_product_id__product_id__ref_stg_products_.57e6472e6d: Close
[0m00:00:43.813749 [debug] [Thread-1 (]: Finished running node test.retail_customer_360.not_null_stg_customers_customer_id.e2cfb1f9aa
[0m00:00:43.817520 [debug] [Thread-4 (]: Began running node test.retail_customer_360.relationships_stg_sales_customer_id__customer_id__ref_stg_customers_.f88f1dcfca
[0m00:00:43.821862 [debug] [Thread-2 (]: On test.retail_customer_360.not_null_stg_customers_signup_date.ef12d9c335: ROLLBACK
[0m00:00:43.826599 [debug] [Thread-1 (]: Began running node test.retail_customer_360.unique_stg_customers_customer_id.c7614daada
[0m00:00:43.825516 [info ] [Thread-3 (]: 12 of 21 PASS relationships_stg_sales_product_id__product_id__ref_stg_products_  [[32mPASS[0m in 0.22s]
[0m00:00:43.828882 [info ] [Thread-4 (]: 16 of 21 START test relationships_stg_sales_customer_id__customer_id__ref_stg_customers_  [RUN]
[0m00:00:43.831151 [debug] [Thread-2 (]: On test.retail_customer_360.not_null_stg_customers_signup_date.ef12d9c335: Close
[0m00:00:43.832320 [info ] [Thread-1 (]: 17 of 21 START test unique_stg_customers_customer_id ........................... [RUN]
[0m00:00:43.835092 [debug] [Thread-3 (]: Finished running node test.retail_customer_360.relationships_stg_sales_product_id__product_id__ref_stg_products_.57e6472e6d
[0m00:00:43.837425 [debug] [Thread-4 (]: Re-using an available connection from the pool (formerly test.retail_customer_360.unique_stg_products_product_id.7d950a1467, now test.retail_customer_360.relationships_stg_sales_customer_id__customer_id__ref_stg_customers_.f88f1dcfca)
[0m00:00:43.840048 [info ] [Thread-2 (]: 15 of 21 PASS not_null_stg_customers_signup_date ............................... [[32mPASS[0m in 0.17s]
[0m00:00:43.841163 [debug] [Thread-1 (]: Re-using an available connection from the pool (formerly test.retail_customer_360.not_null_stg_customers_customer_id.e2cfb1f9aa, now test.retail_customer_360.unique_stg_customers_customer_id.c7614daada)
[0m00:00:43.846517 [debug] [Thread-4 (]: Began compiling node test.retail_customer_360.relationships_stg_sales_customer_id__customer_id__ref_stg_customers_.f88f1dcfca
[0m00:00:43.849048 [debug] [Thread-2 (]: Finished running node test.retail_customer_360.not_null_stg_customers_signup_date.ef12d9c335
[0m00:00:43.851971 [debug] [Thread-1 (]: Began compiling node test.retail_customer_360.unique_stg_customers_customer_id.c7614daada
[0m00:00:43.881180 [debug] [Thread-4 (]: Writing injected SQL for node "test.retail_customer_360.relationships_stg_sales_customer_id__customer_id__ref_stg_customers_.f88f1dcfca"
[0m00:00:43.888760 [debug] [Thread-1 (]: Writing injected SQL for node "test.retail_customer_360.unique_stg_customers_customer_id.c7614daada"
[0m00:00:43.906200 [debug] [Thread-4 (]: Began executing node test.retail_customer_360.relationships_stg_sales_customer_id__customer_id__ref_stg_customers_.f88f1dcfca
[0m00:00:43.910623 [debug] [Thread-4 (]: Writing runtime sql for node "test.retail_customer_360.relationships_stg_sales_customer_id__customer_id__ref_stg_customers_.f88f1dcfca"
[0m00:00:43.915101 [debug] [Thread-1 (]: Began executing node test.retail_customer_360.unique_stg_customers_customer_id.c7614daada
[0m00:00:43.920326 [debug] [Thread-1 (]: Writing runtime sql for node "test.retail_customer_360.unique_stg_customers_customer_id.c7614daada"
[0m00:00:43.940003 [debug] [Thread-4 (]: Using postgres connection "test.retail_customer_360.relationships_stg_sales_customer_id__customer_id__ref_stg_customers_.f88f1dcfca"
[0m00:00:43.943307 [debug] [Thread-4 (]: On test.retail_customer_360.relationships_stg_sales_customer_id__customer_id__ref_stg_customers_.f88f1dcfca: /* {"app": "dbt", "dbt_version": "1.12.5", "profile_name": "retail_customer_360", "target_name": "dev", "node_id": "test.retail_customer_360.relationships_stg_sales_customer_id__customer_id__ref_stg_customers_.f88f1dcfca"} */

    
    select
      count(*) as failures,
      count(*) != 0 as should_warn,
      count(*) != 0 as should_error
    from (
      
    
  
    
    

with child as (
    select customer_id as from_field
    from "retaildb"."public_retail_dbt_staging"."stg_sales"
    where customer_id is not null
),

parent as (
    select customer_id as to_field
    from "retaildb"."public_retail_dbt_staging"."stg_customers"
)

select
    from_field

from child
left join parent
    on child.from_field = parent.to_field

where parent.to_field is null



  
  
      
    ) dbt_internal_test
[0m00:00:43.947283 [debug] [Thread-4 (]: Opening a new connection, currently in state closed
[0m00:00:43.950225 [debug] [Thread-1 (]: Using postgres connection "test.retail_customer_360.unique_stg_customers_customer_id.c7614daada"
[0m00:00:43.954324 [debug] [Thread-1 (]: On test.retail_customer_360.unique_stg_customers_customer_id.c7614daada: /* {"app": "dbt", "dbt_version": "1.12.5", "profile_name": "retail_customer_360", "target_name": "dev", "node_id": "test.retail_customer_360.unique_stg_customers_customer_id.c7614daada"} */

    
    select
      count(*) as failures,
      count(*) != 0 as should_warn,
      count(*) != 0 as should_error
    from (
      
    
  
    
    

select
    customer_id as unique_field,
    count(*) as n_records

from "retaildb"."public_retail_dbt_staging"."stg_customers"
where customer_id is not null
group by customer_id
having count(*) > 1



  
  
      
    ) dbt_internal_test
[0m00:00:43.957838 [debug] [Thread-1 (]: Opening a new connection, currently in state closed
[0m00:00:43.970762 [debug] [Thread-4 (]: SQL status: SELECT 1 in 0.024 seconds
[0m00:00:43.977182 [debug] [Thread-4 (]: On test.retail_customer_360.relationships_stg_sales_customer_id__customer_id__ref_stg_customers_.f88f1dcfca: ROLLBACK
[0m00:00:43.979541 [debug] [Thread-4 (]: On test.retail_customer_360.relationships_stg_sales_customer_id__customer_id__ref_stg_customers_.f88f1dcfca: Close
[0m00:00:43.980216 [debug] [Thread-1 (]: SQL status: SELECT 1 in 0.023 seconds
[0m00:00:43.982212 [info ] [Thread-4 (]: 16 of 21 PASS relationships_stg_sales_customer_id__customer_id__ref_stg_customers_  [[32mPASS[0m in 0.14s]
[0m00:00:43.985396 [debug] [Thread-1 (]: On test.retail_customer_360.unique_stg_customers_customer_id.c7614daada: ROLLBACK
[0m00:00:43.987849 [debug] [Thread-4 (]: Finished running node test.retail_customer_360.relationships_stg_sales_customer_id__customer_id__ref_stg_customers_.f88f1dcfca
[0m00:00:43.990932 [debug] [Thread-1 (]: On test.retail_customer_360.unique_stg_customers_customer_id.c7614daada: Close
[0m00:00:43.996221 [info ] [Thread-1 (]: 17 of 21 PASS unique_stg_customers_customer_id ................................. [[32mPASS[0m in 0.15s]
[0m00:00:43.999117 [debug] [Thread-1 (]: Finished running node test.retail_customer_360.unique_stg_customers_customer_id.c7614daada
[0m00:00:44.001947 [debug] [Thread-3 (]: Began running node model.retail_customer_360.int_sales_enriched
[0m00:00:44.004984 [info ] [Thread-3 (]: 18 of 21 START sql table model public_retail_dbt_intermediate.int_sales_enriched  [RUN]
[0m00:00:44.009217 [debug] [Thread-3 (]: Re-using an available connection from the pool (formerly test.retail_customer_360.relationships_stg_sales_product_id__product_id__ref_stg_products_.57e6472e6d, now model.retail_customer_360.int_sales_enriched)
[0m00:00:44.011802 [debug] [Thread-3 (]: Began compiling node model.retail_customer_360.int_sales_enriched
[0m00:00:44.018071 [debug] [Thread-3 (]: Writing injected SQL for node "model.retail_customer_360.int_sales_enriched"
[0m00:00:44.065235 [debug] [Thread-3 (]: Began executing node model.retail_customer_360.int_sales_enriched
[0m00:00:44.096884 [debug] [Thread-3 (]: Writing runtime sql for node "model.retail_customer_360.int_sales_enriched"
[0m00:00:44.152704 [debug] [Thread-3 (]: Using postgres connection "model.retail_customer_360.int_sales_enriched"
[0m00:00:44.155710 [debug] [Thread-3 (]: On model.retail_customer_360.int_sales_enriched: /* {"app": "dbt", "dbt_version": "1.12.5", "profile_name": "retail_customer_360", "target_name": "dev", "node_id": "model.retail_customer_360.int_sales_enriched"} */

  
    

  create  table "retaildb"."public_retail_dbt_intermediate"."int_sales_enriched__dbt_tmp"
  
  
    as
  
  (
    with sales as (

    select *
    from "retaildb"."public_retail_dbt_staging"."stg_sales"

),

customers as (

    select *
    from "retaildb"."public_retail_dbt_staging"."stg_customers"

),

products as (

    select *
    from "retaildb"."public_retail_dbt_staging"."stg_products"

)

select
    s.sale_id,
    s.customer_id,
    s.product_id,
    s.timestamp,
    s.quantity,
    s.unit_price,

    c.signup_date,
    c.city,
    c.segment,

    p.category,
    p.brand,
    p.description,
    p.price as product_price,

    s.quantity * s.unit_price as total_line

from sales s

left join customers c
    on s.customer_id = c.customer_id

left join products p
    on s.product_id = p.product_id
  );
  
[0m00:00:44.157585 [debug] [Thread-3 (]: Opening a new connection, currently in state closed
[0m00:00:44.197653 [debug] [Thread-3 (]: SQL status: SELECT 1000 in 0.040 seconds
[0m00:00:44.211117 [debug] [Thread-3 (]: Using postgres connection "model.retail_customer_360.int_sales_enriched"
[0m00:00:44.213482 [debug] [Thread-3 (]: On model.retail_customer_360.int_sales_enriched: /* {"app": "dbt", "dbt_version": "1.12.5", "profile_name": "retail_customer_360", "target_name": "dev", "node_id": "model.retail_customer_360.int_sales_enriched"} */
alter table "retaildb"."public_retail_dbt_intermediate"."int_sales_enriched" rename to "int_sales_enriched__dbt_backup"
[0m00:00:44.217109 [debug] [Thread-3 (]: SQL status: ALTER TABLE in 0.001 seconds
[0m00:00:44.223383 [debug] [Thread-3 (]: Using postgres connection "model.retail_customer_360.int_sales_enriched"
[0m00:00:44.227061 [debug] [Thread-3 (]: On model.retail_customer_360.int_sales_enriched: /* {"app": "dbt", "dbt_version": "1.12.5", "profile_name": "retail_customer_360", "target_name": "dev", "node_id": "model.retail_customer_360.int_sales_enriched"} */
alter table "retaildb"."public_retail_dbt_intermediate"."int_sales_enriched__dbt_tmp" rename to "int_sales_enriched"
[0m00:00:44.230533 [debug] [Thread-3 (]: SQL status: ALTER TABLE in 0.001 seconds
[0m00:00:44.237157 [debug] [Thread-3 (]: On model.retail_customer_360.int_sales_enriched: COMMIT
[0m00:00:44.239608 [debug] [Thread-3 (]: Using postgres connection "model.retail_customer_360.int_sales_enriched"
[0m00:00:44.242412 [debug] [Thread-3 (]: On model.retail_customer_360.int_sales_enriched: COMMIT
[0m00:00:44.248287 [debug] [Thread-3 (]: SQL status: COMMIT in 0.003 seconds
[0m00:00:44.253988 [debug] [Thread-3 (]: Applying DROP to: "retaildb"."public_retail_dbt_intermediate"."int_sales_enriched__dbt_backup"
[0m00:00:44.263295 [debug] [Thread-3 (]: Using postgres connection "model.retail_customer_360.int_sales_enriched"
[0m00:00:44.266010 [debug] [Thread-3 (]: On model.retail_customer_360.int_sales_enriched: /* {"app": "dbt", "dbt_version": "1.12.5", "profile_name": "retail_customer_360", "target_name": "dev", "node_id": "model.retail_customer_360.int_sales_enriched"} */
drop table if exists "retaildb"."public_retail_dbt_intermediate"."int_sales_enriched__dbt_backup" cascade
[0m00:00:44.275803 [debug] [Thread-3 (]: SQL status: DROP TABLE in 0.007 seconds
[0m00:00:44.280025 [debug] [Thread-3 (]: On model.retail_customer_360.int_sales_enriched: Close
[0m00:00:44.283286 [debug] [Thread-3 (]: Sending event: {'category': 'dbt', 'action': 'run_model', 'label': '4264ea6d-e4b4-4804-a19d-5fc2c8938f1c', 'context': [<snowplow_tracker.self_describing_json.SelfDescribingJson object at 0x7e5548efed20>]}
[0m00:00:44.287162 [info ] [Thread-3 (]: 18 of 21 OK created sql table model public_retail_dbt_intermediate.int_sales_enriched  [[32mSELECT 1000[0m in 0.27s]
[0m00:00:44.290747 [debug] [Thread-3 (]: Finished running node model.retail_customer_360.int_sales_enriched
[0m00:00:44.294564 [debug] [Thread-4 (]: Began running node model.retail_customer_360.customer_360
[0m00:00:44.297374 [info ] [Thread-4 (]: 19 of 21 START sql table model public_retail_dbt_mart.customer_360 ............. [RUN]
[0m00:00:44.300906 [debug] [Thread-4 (]: Re-using an available connection from the pool (formerly test.retail_customer_360.relationships_stg_sales_customer_id__customer_id__ref_stg_customers_.f88f1dcfca, now model.retail_customer_360.customer_360)
[0m00:00:44.304561 [debug] [Thread-4 (]: Began compiling node model.retail_customer_360.customer_360
[0m00:00:44.308900 [debug] [Thread-4 (]: Writing injected SQL for node "model.retail_customer_360.customer_360"
[0m00:00:44.387002 [debug] [Thread-4 (]: Began executing node model.retail_customer_360.customer_360
[0m00:00:44.395113 [debug] [Thread-4 (]: Writing runtime sql for node "model.retail_customer_360.customer_360"
[0m00:00:44.482892 [debug] [Thread-4 (]: Using postgres connection "model.retail_customer_360.customer_360"
[0m00:00:44.489594 [debug] [Thread-4 (]: On model.retail_customer_360.customer_360: /* {"app": "dbt", "dbt_version": "1.12.5", "profile_name": "retail_customer_360", "target_name": "dev", "node_id": "model.retail_customer_360.customer_360"} */

  
    

  create  table "retaildb"."public_retail_dbt_mart"."customer_360__dbt_tmp"
  
  
    as
  
  (
    with sales as (

    select *
    from "retaildb"."public_retail_dbt_intermediate"."int_sales_enriched"

),

customer_metrics as (

    select
        customer_id,

        max(city) as city,
        max(segment) as segment,
        max(signup_date) as signup_date,

        count(distinct sale_id) as total_purchases,

        sum(quantity) as total_quantity,

        sum(total_line) as total_spent,

        avg(total_line) as average_ticket,

        max(timestamp) as last_purchase_date,

        count(distinct product_id) as unique_products

    from sales

    group by customer_id

)

select
    customer_id,
    city,
    segment,
    signup_date,
    total_purchases,
    total_quantity,
    total_spent,
    average_ticket,
    last_purchase_date,
    unique_products

from customer_metrics
  );
  
[0m00:00:44.495877 [debug] [Thread-4 (]: Opening a new connection, currently in state closed
[0m00:00:44.541573 [debug] [Thread-4 (]: SQL status: SELECT 100 in 0.046 seconds
[0m00:00:44.551448 [debug] [Thread-4 (]: Using postgres connection "model.retail_customer_360.customer_360"
[0m00:00:44.554672 [debug] [Thread-4 (]: On model.retail_customer_360.customer_360: /* {"app": "dbt", "dbt_version": "1.12.5", "profile_name": "retail_customer_360", "target_name": "dev", "node_id": "model.retail_customer_360.customer_360"} */
alter table "retaildb"."public_retail_dbt_mart"."customer_360" rename to "customer_360__dbt_backup"
[0m00:00:44.559003 [debug] [Thread-4 (]: SQL status: ALTER TABLE in 0.001 seconds
[0m00:00:44.568216 [debug] [Thread-4 (]: Using postgres connection "model.retail_customer_360.customer_360"
[0m00:00:44.570744 [debug] [Thread-4 (]: On model.retail_customer_360.customer_360: /* {"app": "dbt", "dbt_version": "1.12.5", "profile_name": "retail_customer_360", "target_name": "dev", "node_id": "model.retail_customer_360.customer_360"} */
alter table "retaildb"."public_retail_dbt_mart"."customer_360__dbt_tmp" rename to "customer_360"
[0m00:00:44.574674 [debug] [Thread-4 (]: SQL status: ALTER TABLE in 0.001 seconds
[0m00:00:44.579835 [debug] [Thread-4 (]: On model.retail_customer_360.customer_360: COMMIT
[0m00:00:44.584851 [debug] [Thread-4 (]: Using postgres connection "model.retail_customer_360.customer_360"
[0m00:00:44.587192 [debug] [Thread-4 (]: On model.retail_customer_360.customer_360: COMMIT
[0m00:00:44.592249 [debug] [Thread-4 (]: SQL status: COMMIT in 0.003 seconds
[0m00:00:44.597891 [debug] [Thread-4 (]: Applying DROP to: "retaildb"."public_retail_dbt_mart"."customer_360__dbt_backup"
[0m00:00:44.601076 [debug] [Thread-4 (]: Using postgres connection "model.retail_customer_360.customer_360"
[0m00:00:44.603133 [debug] [Thread-4 (]: On model.retail_customer_360.customer_360: /* {"app": "dbt", "dbt_version": "1.12.5", "profile_name": "retail_customer_360", "target_name": "dev", "node_id": "model.retail_customer_360.customer_360"} */
drop table if exists "retaildb"."public_retail_dbt_mart"."customer_360__dbt_backup" cascade
[0m00:00:44.612271 [debug] [Thread-4 (]: SQL status: DROP TABLE in 0.006 seconds
[0m00:00:44.616820 [debug] [Thread-4 (]: On model.retail_customer_360.customer_360: Close
[0m00:00:44.619668 [debug] [Thread-4 (]: Sending event: {'category': 'dbt', 'action': 'run_model', 'label': '4264ea6d-e4b4-4804-a19d-5fc2c8938f1c', 'context': [<snowplow_tracker.self_describing_json.SelfDescribingJson object at 0x7e5561753380>]}
[0m00:00:44.625325 [info ] [Thread-4 (]: 19 of 21 OK created sql table model public_retail_dbt_mart.customer_360 ........ [[32mSELECT 100[0m in 0.32s]
[0m00:00:44.631639 [debug] [Thread-4 (]: Finished running node model.retail_customer_360.customer_360
[0m00:00:44.635405 [debug] [Thread-2 (]: Began running node test.retail_customer_360.not_null_customer_360_customer_id.b69699741f
[0m00:00:44.636060 [debug] [Thread-3 (]: Began running node test.retail_customer_360.unique_customer_360_customer_id.932555fb9f
[0m00:00:44.637320 [info ] [Thread-2 (]: 20 of 21 START test not_null_customer_360_customer_id .......................... [RUN]
[0m00:00:44.639533 [info ] [Thread-3 (]: 21 of 21 START test unique_customer_360_customer_id ............................ [RUN]
[0m00:00:44.641354 [debug] [Thread-2 (]: Re-using an available connection from the pool (formerly test.retail_customer_360.not_null_stg_customers_signup_date.ef12d9c335, now test.retail_customer_360.not_null_customer_360_customer_id.b69699741f)
[0m00:00:44.643171 [debug] [Thread-3 (]: Re-using an available connection from the pool (formerly model.retail_customer_360.int_sales_enriched, now test.retail_customer_360.unique_customer_360_customer_id.932555fb9f)
[0m00:00:44.647229 [debug] [Thread-2 (]: Began compiling node test.retail_customer_360.not_null_customer_360_customer_id.b69699741f
[0m00:00:44.649329 [debug] [Thread-3 (]: Began compiling node test.retail_customer_360.unique_customer_360_customer_id.932555fb9f
[0m00:00:44.664898 [debug] [Thread-2 (]: Writing injected SQL for node "test.retail_customer_360.not_null_customer_360_customer_id.b69699741f"
[0m00:00:44.682046 [debug] [Thread-3 (]: Writing injected SQL for node "test.retail_customer_360.unique_customer_360_customer_id.932555fb9f"
[0m00:00:44.717733 [debug] [Thread-2 (]: Began executing node test.retail_customer_360.not_null_customer_360_customer_id.b69699741f
[0m00:00:44.723790 [debug] [Thread-2 (]: Writing runtime sql for node "test.retail_customer_360.not_null_customer_360_customer_id.b69699741f"
[0m00:00:44.730888 [debug] [Thread-3 (]: Began executing node test.retail_customer_360.unique_customer_360_customer_id.932555fb9f
[0m00:00:44.738208 [debug] [Thread-3 (]: Writing runtime sql for node "test.retail_customer_360.unique_customer_360_customer_id.932555fb9f"
[0m00:00:44.769119 [debug] [Thread-2 (]: Using postgres connection "test.retail_customer_360.not_null_customer_360_customer_id.b69699741f"
[0m00:00:44.773617 [debug] [Thread-2 (]: On test.retail_customer_360.not_null_customer_360_customer_id.b69699741f: /* {"app": "dbt", "dbt_version": "1.12.5", "profile_name": "retail_customer_360", "target_name": "dev", "node_id": "test.retail_customer_360.not_null_customer_360_customer_id.b69699741f"} */

    
    select
      count(*) as failures,
      count(*) != 0 as should_warn,
      count(*) != 0 as should_error
    from (
      
    
  
    
    



select customer_id
from "retaildb"."public_retail_dbt_mart"."customer_360"
where customer_id is null



  
  
      
    ) dbt_internal_test
[0m00:00:44.777880 [debug] [Thread-2 (]: Opening a new connection, currently in state closed
[0m00:00:44.780820 [debug] [Thread-3 (]: Using postgres connection "test.retail_customer_360.unique_customer_360_customer_id.932555fb9f"
[0m00:00:44.784283 [debug] [Thread-3 (]: On test.retail_customer_360.unique_customer_360_customer_id.932555fb9f: /* {"app": "dbt", "dbt_version": "1.12.5", "profile_name": "retail_customer_360", "target_name": "dev", "node_id": "test.retail_customer_360.unique_customer_360_customer_id.932555fb9f"} */

    
    select
      count(*) as failures,
      count(*) != 0 as should_warn,
      count(*) != 0 as should_error
    from (
      
    
  
    
    

select
    customer_id as unique_field,
    count(*) as n_records

from "retaildb"."public_retail_dbt_mart"."customer_360"
where customer_id is not null
group by customer_id
having count(*) > 1



  
  
      
    ) dbt_internal_test
[0m00:00:44.788439 [debug] [Thread-3 (]: Opening a new connection, currently in state closed
[0m00:00:44.799541 [debug] [Thread-2 (]: SQL status: SELECT 1 in 0.022 seconds
[0m00:00:44.807830 [debug] [Thread-2 (]: On test.retail_customer_360.not_null_customer_360_customer_id.b69699741f: ROLLBACK
[0m00:00:44.811175 [debug] [Thread-3 (]: SQL status: SELECT 1 in 0.023 seconds
[0m00:00:44.812193 [debug] [Thread-2 (]: On test.retail_customer_360.not_null_customer_360_customer_id.b69699741f: Close
[0m00:00:44.817861 [debug] [Thread-3 (]: On test.retail_customer_360.unique_customer_360_customer_id.932555fb9f: ROLLBACK
[0m00:00:44.821921 [info ] [Thread-2 (]: 20 of 21 PASS not_null_customer_360_customer_id ................................ [[32mPASS[0m in 0.18s]
[0m00:00:44.825166 [debug] [Thread-3 (]: On test.retail_customer_360.unique_customer_360_customer_id.932555fb9f: Close
[0m00:00:44.828269 [debug] [Thread-2 (]: Finished running node test.retail_customer_360.not_null_customer_360_customer_id.b69699741f
[0m00:00:44.831629 [info ] [Thread-3 (]: 21 of 21 PASS unique_customer_360_customer_id .................................. [[32mPASS[0m in 0.19s]
[0m00:00:44.837496 [debug] [Thread-3 (]: Finished running node test.retail_customer_360.unique_customer_360_customer_id.932555fb9f
[0m00:00:44.847404 [debug] [MainThread]: On master: COMMIT
[0m00:00:44.850443 [debug] [MainThread]: Using postgres connection "master"
[0m00:00:44.852371 [debug] [MainThread]: On master: COMMIT
[0m00:00:44.854941 [debug] [MainThread]: Opening a new connection, currently in state closed
[0m00:00:44.870797 [debug] [MainThread]: SQL status: COMMIT in 0.016 seconds
[0m00:00:44.873971 [debug] [MainThread]: On master: Close
[0m00:00:44.877773 [debug] [MainThread]: Connection 'master' was properly closed.
[0m00:00:44.881711 [debug] [MainThread]: Connection 'test.retail_customer_360.not_null_customer_360_customer_id.b69699741f' was properly closed.
[0m00:00:44.885931 [debug] [MainThread]: Connection 'test.retail_customer_360.unique_customer_360_customer_id.932555fb9f' was properly closed.
[0m00:00:44.890038 [debug] [MainThread]: Connection 'test.retail_customer_360.unique_stg_customers_customer_id.c7614daada' was properly closed.
[0m00:00:44.893926 [debug] [MainThread]: Connection 'model.retail_customer_360.customer_360' was properly closed.
[0m00:00:44.897862 [info ] [MainThread]: 
[0m00:00:44.901542 [info ] [MainThread]: Finished running 2 table models, 16 data tests, 3 view models in 0 hours 0 minutes and 2.86 seconds (2.86s).
[0m00:00:44.914596 [debug] [MainThread]: Command end result
[0m00:00:45.224107 [debug] [MainThread]: Wrote artifact WritableManifest to /opt/airflow/project/dbt/target/manifest.json
[0m00:00:45.248734 [debug] [MainThread]: Wrote artifact SemanticManifest to /opt/airflow/project/dbt/target/semantic_manifest.json
[0m00:00:45.285518 [debug] [MainThread]: Wrote artifact OsiDocument to /opt/airflow/project/dbt/target/osi_document.json
[0m00:00:45.323058 [debug] [MainThread]: Wrote artifact RunExecutionResult to /opt/airflow/project/dbt/target/run_results.json
[0m00:00:45.325765 [info ] [MainThread]: 
[0m00:00:45.327528 [info ] [MainThread]: [32mCompleted successfully[0m
[0m00:00:45.329257 [info ] [MainThread]: 
[0m00:00:45.331056 [info ] [MainThread]: Done. PASS=21 WARN=0 ERROR=0 SKIP=0 NO-OP=0 REUSED=0 TOTAL=21
[0m00:00:45.338814 [debug] [MainThread]: Resource report: {"command_name": "build", "command_success": true, "command_wall_clock_time": 7.0193834, "process_in_blocks": "79216", "process_kernel_time": 1.26404, "process_mem_max_rss": "151336", "process_out_blocks": "6728", "process_user_time": 6.673333}
[0m00:00:45.340919 [debug] [MainThread]: Command `dbt build` succeeded at 00:00:45.340462 after 7.02 seconds
[0m00:00:45.343588 [debug] [MainThread]: Sending event: {'category': 'dbt', 'action': 'invocation', 'label': 'end', 'context': [<snowplow_tracker.self_describing_json.SelfDescribingJson object at 0x7e55643ce630>, <snowplow_tracker.self_describing_json.SelfDescribingJson object at 0x7e55643cf5f0>, <snowplow_tracker.self_describing_json.SelfDescribingJson object at 0x7e554ace3290>]}
[0m00:00:45.346116 [debug] [MainThread]: Flushing usage events
[0m00:00:46.207207 [debug] [MainThread]: An error was encountered while trying to flush usage events
[0m00:28:18.454688 [debug] [MainThread]: Sending event: {'category': 'dbt', 'action': 'invocation', 'label': 'start', 'context': [<snowplow_tracker.self_describing_json.SelfDescribingJson object at 0x713e68dc80e0>, <snowplow_tracker.self_describing_json.SelfDescribingJson object at 0x713e65ff6f60>, <snowplow_tracker.self_describing_json.SelfDescribingJson object at 0x713e65ff69c0>]}


============================== 00:28:18.467498 | 8dba3fd6-3dee-4393-891f-6773fd77fd20 ==============================
[0m00:28:18.467498 [info ] [MainThread]: Running with dbt=1.12.5
[0m00:28:18.471054 [debug] [MainThread]: running dbt with arguments {'partial_parse': 'True', 'write_json': 'True', 'target_path': 'None', 'profiles_dir': '.', 'invocation_command': 'dbt build --profiles-dir .', 'send_anonymous_usage_stats': 'True', 'quiet': 'False', 'hints_enabled': 'True', 'warn_error_options': 'WarnErrorOptionsV2(error=[], warn=[], silence=[])', 'use_colors': 'True', 'no_print': 'None', 'log_path': '/opt/airflow/project/dbt/logs', 'empty': 'False', 'debug': 'False', 'use_experimental_parser': 'False', 'printer_width': '80', 'introspect': 'True', 'log_cache_events': 'False', 'version_check': 'True', 'static_parser': 'True', 'fail_fast': 'False', 'log_format': 'default', 'indirect_selection': 'eager', 'cache_selected_only': 'False', 'warn_error': 'None', 'maximum_seed_size_mib': '1'}
[0m00:28:18.941923 [debug] [MainThread]: Sending event: {'category': 'dbt', 'action': 'project_id', 'label': '8dba3fd6-3dee-4393-891f-6773fd77fd20', 'context': [<snowplow_tracker.self_describing_json.SelfDescribingJson object at 0x713e64c41010>]}
[0m00:28:19.020963 [debug] [MainThread]: Sending event: {'category': 'dbt', 'action': 'adapter_info', 'label': '8dba3fd6-3dee-4393-891f-6773fd77fd20', 'context': [<snowplow_tracker.self_describing_json.SelfDescribingJson object at 0x713e64cbb890>]}
[0m00:28:19.026407 [info ] [MainThread]: Registered adapter: postgres=1.11.0
[0m00:28:19.120380 [debug] [MainThread]: checksum: 3db23d57cd09ab1a9e15a438d4d01baa18a6a27a21ab3bb0922b9bb515105a76, vars: {}, profile: retail_customer_360, target: dev, version: 1.12.5
[0m00:28:19.757998 [debug] [MainThread]: Partial parsing enabled: 0 files deleted, 0 files added, 0 files changed.
[0m00:28:19.760023 [debug] [MainThread]: Nothing changed, skipping partial parsing.
[0m00:28:19.761654 [debug] [MainThread]: Partial parsing enabled, no changes found, skipping parsing
[0m00:28:19.773582 [debug] [MainThread]: Sending event: {'category': 'dbt', 'action': 'load_project', 'label': '8dba3fd6-3dee-4393-891f-6773fd77fd20', 'context': [<snowplow_tracker.self_describing_json.SelfDescribingJson object at 0x713e63fa20f0>]}
[0m00:28:20.112375 [debug] [MainThread]: Wrote artifact WritableManifest to /opt/airflow/project/dbt/target/manifest.json
[0m00:28:20.140794 [debug] [MainThread]: Wrote artifact SemanticManifest to /opt/airflow/project/dbt/target/semantic_manifest.json
[0m00:28:20.232574 [debug] [MainThread]: Wrote artifact OsiDocument to /opt/airflow/project/dbt/target/osi_document.json
[0m00:28:20.380286 [debug] [MainThread]: Sending event: {'category': 'dbt', 'action': 'resource_counts', 'label': '8dba3fd6-3dee-4393-891f-6773fd77fd20', 'context': [<snowplow_tracker.self_describing_json.SelfDescribingJson object at 0x713e63fc4290>]}
[0m00:28:20.383418 [info ] [MainThread]: Found 5 models, 16 data tests, 477 macros
[0m00:28:20.390772 [info ] [MainThread]: 
[0m00:28:20.392958 [info ] [MainThread]: Concurrency: 4 threads (target='dev')
[0m00:28:20.395736 [info ] [MainThread]: 
[0m00:28:20.400179 [debug] [MainThread]: Acquiring new postgres connection 'master'
[0m00:28:20.409920 [debug] [ThreadPool]: Acquiring new postgres connection 'list_retaildb'
[0m00:28:20.411670 [debug] [ThreadPool]: Acquiring new postgres connection 'list_retaildb'
[0m00:28:20.413174 [debug] [ThreadPool]: Acquiring new postgres connection 'list_retaildb'
[0m00:28:20.524931 [debug] [ThreadPool]: Using postgres connection "list_retaildb"
[0m00:28:20.526330 [debug] [ThreadPool]: Using postgres connection "list_retaildb"
[0m00:28:20.527534 [debug] [ThreadPool]: Using postgres connection "list_retaildb"
[0m00:28:20.528777 [debug] [ThreadPool]: On list_retaildb: /* {"app": "dbt", "dbt_version": "1.12.5", "profile_name": "retail_customer_360", "target_name": "dev", "connection_name": "list_retaildb"} */

    select distinct nspname from pg_namespace
  
[0m00:28:20.532545 [debug] [ThreadPool]: On list_retaildb: /* {"app": "dbt", "dbt_version": "1.12.5", "profile_name": "retail_customer_360", "target_name": "dev", "connection_name": "list_retaildb"} */

    select distinct nspname from pg_namespace
  
[0m00:28:20.536058 [debug] [ThreadPool]: On list_retaildb: /* {"app": "dbt", "dbt_version": "1.12.5", "profile_name": "retail_customer_360", "target_name": "dev", "connection_name": "list_retaildb"} */

    select distinct nspname from pg_namespace
  
[0m00:28:20.539475 [debug] [ThreadPool]: Opening a new connection, currently in state init
[0m00:28:20.543517 [debug] [ThreadPool]: Opening a new connection, currently in state init
[0m00:28:20.546813 [debug] [ThreadPool]: Opening a new connection, currently in state init
[0m00:28:20.575428 [debug] [ThreadPool]: SQL status: SELECT 10 in 0.032 seconds
[0m00:28:20.576415 [debug] [ThreadPool]: SQL status: SELECT 10 in 0.037 seconds
[0m00:28:20.576833 [debug] [ThreadPool]: SQL status: SELECT 10 in 0.030 seconds
[0m00:28:20.579744 [debug] [ThreadPool]: On list_retaildb: Close
[0m00:28:20.584943 [debug] [ThreadPool]: On list_retaildb: Close
[0m00:28:20.588962 [debug] [ThreadPool]: On list_retaildb: Close
[0m00:28:20.597295 [debug] [ThreadPool]: Re-using an available connection from the pool (formerly list_retaildb, now list_retaildb_public_retail_dbt_mart)
[0m00:28:20.598375 [debug] [ThreadPool]: Re-using an available connection from the pool (formerly list_retaildb, now list_retaildb_public_retail_dbt_staging)
[0m00:28:20.599587 [debug] [ThreadPool]: Re-using an available connection from the pool (formerly list_retaildb, now list_retaildb_public_retail_dbt_intermediate)
[0m00:28:20.606192 [debug] [ThreadPool]: Using postgres connection "list_retaildb_public_retail_dbt_mart"
[0m00:28:20.609127 [debug] [ThreadPool]: Using postgres connection "list_retaildb_public_retail_dbt_staging"
[0m00:28:20.612910 [debug] [ThreadPool]: Using postgres connection "list_retaildb_public_retail_dbt_intermediate"
[0m00:28:20.615377 [debug] [ThreadPool]: On list_retaildb_public_retail_dbt_mart: /* {"app": "dbt", "dbt_version": "1.12.5", "profile_name": "retail_customer_360", "target_name": "dev", "connection_name": "list_retaildb_public_retail_dbt_mart"} */
select
      'retaildb' as database,
      tablename as name,
      schemaname as schema,
      'table' as type
    from pg_tables
    where schemaname ilike 'public_retail_dbt_mart'
    union all
    select
      'retaildb' as database,
      viewname as name,
      schemaname as schema,
      'view' as type
    from pg_views
    where schemaname ilike 'public_retail_dbt_mart'
    union all
    select
      'retaildb' as database,
      matviewname as name,
      schemaname as schema,
      'materialized_view' as type
    from pg_matviews
    where schemaname ilike 'public_retail_dbt_mart'
    union all
    select distinct
     'retaildb' as database,
     proname as name,
     ns.nspname as schema,
     'function' as type
    from pg_proc
     join pg_namespace as ns on pronamespace = ns.oid
    where ns.nspname ilike 'public_retail_dbt_mart'
  
[0m00:28:20.617910 [debug] [ThreadPool]: On list_retaildb_public_retail_dbt_staging: /* {"app": "dbt", "dbt_version": "1.12.5", "profile_name": "retail_customer_360", "target_name": "dev", "connection_name": "list_retaildb_public_retail_dbt_staging"} */
select
      'retaildb' as database,
      tablename as name,
      schemaname as schema,
      'table' as type
    from pg_tables
    where schemaname ilike 'public_retail_dbt_staging'
    union all
    select
      'retaildb' as database,
      viewname as name,
      schemaname as schema,
      'view' as type
    from pg_views
    where schemaname ilike 'public_retail_dbt_staging'
    union all
    select
      'retaildb' as database,
      matviewname as name,
      schemaname as schema,
      'materialized_view' as type
    from pg_matviews
    where schemaname ilike 'public_retail_dbt_staging'
    union all
    select distinct
     'retaildb' as database,
     proname as name,
     ns.nspname as schema,
     'function' as type
    from pg_proc
     join pg_namespace as ns on pronamespace = ns.oid
    where ns.nspname ilike 'public_retail_dbt_staging'
  
[0m00:28:20.620498 [debug] [ThreadPool]: On list_retaildb_public_retail_dbt_intermediate: /* {"app": "dbt", "dbt_version": "1.12.5", "profile_name": "retail_customer_360", "target_name": "dev", "connection_name": "list_retaildb_public_retail_dbt_intermediate"} */
select
      'retaildb' as database,
      tablename as name,
      schemaname as schema,
      'table' as type
    from pg_tables
    where schemaname ilike 'public_retail_dbt_intermediate'
    union all
    select
      'retaildb' as database,
      viewname as name,
      schemaname as schema,
      'view' as type
    from pg_views
    where schemaname ilike 'public_retail_dbt_intermediate'
    union all
    select
      'retaildb' as database,
      matviewname as name,
      schemaname as schema,
      'materialized_view' as type
    from pg_matviews
    where schemaname ilike 'public_retail_dbt_intermediate'
    union all
    select distinct
     'retaildb' as database,
     proname as name,
     ns.nspname as schema,
     'function' as type
    from pg_proc
     join pg_namespace as ns on pronamespace = ns.oid
    where ns.nspname ilike 'public_retail_dbt_intermediate'
  
[0m00:28:20.623922 [debug] [ThreadPool]: Opening a new connection, currently in state closed
[0m00:28:20.626868 [debug] [ThreadPool]: Opening a new connection, currently in state closed
[0m00:28:20.629861 [debug] [ThreadPool]: Opening a new connection, currently in state closed
[0m00:28:20.675511 [debug] [ThreadPool]: SQL status: SELECT 1 in 0.045 seconds
[0m00:28:20.676549 [debug] [ThreadPool]: SQL status: SELECT 3 in 0.050 seconds
[0m00:28:20.677026 [debug] [ThreadPool]: SQL status: SELECT 1 in 0.053 seconds
[0m00:28:20.679497 [debug] [ThreadPool]: On list_retaildb_public_retail_dbt_intermediate: ROLLBACK
[0m00:28:20.684589 [debug] [ThreadPool]: On list_retaildb_public_retail_dbt_staging: ROLLBACK
[0m00:28:20.688140 [debug] [ThreadPool]: On list_retaildb_public_retail_dbt_mart: ROLLBACK
[0m00:28:20.691498 [debug] [ThreadPool]: On list_retaildb_public_retail_dbt_intermediate: Close
[0m00:28:20.693305 [debug] [ThreadPool]: On list_retaildb_public_retail_dbt_staging: Close
[0m00:28:20.695179 [debug] [ThreadPool]: On list_retaildb_public_retail_dbt_mart: Close
[0m00:28:20.709643 [debug] [MainThread]: Using postgres connection "master"
[0m00:28:20.712933 [debug] [MainThread]: On master: /* {"app": "dbt", "dbt_version": "1.12.5", "profile_name": "retail_customer_360", "target_name": "dev", "connection_name": "master"} */
select distinct
        dependent_namespace.nspname as dependent_schema,
        dependent_class.relname as dependent_name,
        referenced_namespace.nspname as referenced_schema,
        referenced_class.relname as referenced_name

    -- Query for views: views are entries in pg_class with an entry in pg_rewrite, but we avoid
    -- a seq scan on pg_rewrite by leveraging the fact there is an "internal" row in pg_depend for
    -- the view...
    from pg_class as dependent_class
    join pg_namespace as dependent_namespace on dependent_namespace.oid = dependent_class.relnamespace
    join pg_depend as dependent_depend on dependent_depend.refobjid = dependent_class.oid
        and dependent_depend.classid = 'pg_rewrite'::regclass
        and dependent_depend.refclassid = 'pg_class'::regclass
        and dependent_depend.deptype = 'i'

    -- ... and via pg_depend (that has a row per column, hence the need for "distinct" above, and
    -- making sure to exclude the internal row to avoid a view appearing to depend on itself)...
    join pg_depend as joining_depend on joining_depend.objid = dependent_depend.objid
        and joining_depend.classid = 'pg_rewrite'::regclass
        and joining_depend.refclassid = 'pg_class'::regclass
        and joining_depend.refobjid != dependent_depend.refobjid

    -- ... we can find the tables they query from in pg_class, but excluding system tables. Note we
    -- don't need need to exclude _dependent_ system tables, because they only query from other
    -- system tables, and so are automatically excluded by excluding _referenced_ system tables
    join pg_class as referenced_class on referenced_class.oid = joining_depend.refobjid
    join pg_namespace as referenced_namespace on referenced_namespace.oid = referenced_class.relnamespace
        and referenced_namespace.nspname != 'information_schema'
        and referenced_namespace.nspname not like 'pg\_%'

    order by
        dependent_schema, dependent_name, referenced_schema, referenced_name;
[0m00:28:20.715632 [debug] [MainThread]: Opening a new connection, currently in state init
[0m00:28:20.738947 [debug] [MainThread]: SQL status: SELECT 3 in 0.023 seconds
[0m00:28:20.745386 [debug] [MainThread]: Sending event: {'category': 'dbt', 'action': 'runnable_timing', 'label': '8dba3fd6-3dee-4393-891f-6773fd77fd20', 'context': [<snowplow_tracker.self_describing_json.SelfDescribingJson object at 0x713e65efd2e0>]}
[0m00:28:20.749136 [debug] [MainThread]: On master: ROLLBACK
[0m00:28:20.752990 [debug] [MainThread]: On master: COMMIT
[0m00:28:20.756288 [debug] [MainThread]: Using postgres connection "master"
[0m00:28:20.759485 [debug] [MainThread]: On master: COMMIT
[0m00:28:20.763160 [debug] [MainThread]: SQL status: COMMIT in 0.001 seconds
[0m00:28:20.766223 [debug] [MainThread]: On master: Close
[0m00:28:20.778553 [debug] [Thread-1 (]: Began running node model.retail_customer_360.stg_customers
[0m00:28:20.779831 [debug] [Thread-2 (]: Began running node model.retail_customer_360.stg_products
[0m00:28:20.780992 [debug] [Thread-3 (]: Began running node model.retail_customer_360.stg_sales
[0m00:28:20.782367 [info ] [Thread-1 (]: 1 of 21 START sql view model public_retail_dbt_staging.stg_customers ........... [RUN]
[0m00:28:20.785345 [info ] [Thread-2 (]: 2 of 21 START sql view model public_retail_dbt_staging.stg_products ............ [RUN]
[0m00:28:20.788615 [info ] [Thread-3 (]: 3 of 21 START sql view model public_retail_dbt_staging.stg_sales ............... [RUN]
[0m00:28:20.791808 [debug] [Thread-1 (]: Re-using an available connection from the pool (formerly list_retaildb_public_retail_dbt_mart, now model.retail_customer_360.stg_customers)
[0m00:28:20.794947 [debug] [Thread-2 (]: Re-using an available connection from the pool (formerly list_retaildb_public_retail_dbt_staging, now model.retail_customer_360.stg_products)
[0m00:28:20.798185 [debug] [Thread-3 (]: Re-using an available connection from the pool (formerly list_retaildb_public_retail_dbt_intermediate, now model.retail_customer_360.stg_sales)
[0m00:28:20.801345 [debug] [Thread-1 (]: Began compiling node model.retail_customer_360.stg_customers
[0m00:28:20.804205 [debug] [Thread-2 (]: Began compiling node model.retail_customer_360.stg_products
[0m00:28:20.807436 [debug] [Thread-3 (]: Began compiling node model.retail_customer_360.stg_sales
[0m00:28:20.825106 [debug] [Thread-2 (]: Writing injected SQL for node "model.retail_customer_360.stg_products"
[0m00:28:20.826056 [debug] [Thread-1 (]: Writing injected SQL for node "model.retail_customer_360.stg_customers"
[0m00:28:20.830455 [debug] [Thread-3 (]: Writing injected SQL for node "model.retail_customer_360.stg_sales"
[0m00:28:20.862174 [debug] [Thread-2 (]: Began executing node model.retail_customer_360.stg_products
[0m00:28:20.864354 [debug] [Thread-1 (]: Began executing node model.retail_customer_360.stg_customers
[0m00:28:20.891931 [debug] [Thread-3 (]: Began executing node model.retail_customer_360.stg_sales
[0m00:28:20.960561 [debug] [Thread-1 (]: Writing runtime sql for node "model.retail_customer_360.stg_customers"
[0m00:28:20.961339 [debug] [Thread-2 (]: Writing runtime sql for node "model.retail_customer_360.stg_products"
[0m00:28:20.963741 [debug] [Thread-3 (]: Writing runtime sql for node "model.retail_customer_360.stg_sales"
[0m00:28:20.984910 [debug] [Thread-1 (]: Using postgres connection "model.retail_customer_360.stg_customers"
[0m00:28:20.985935 [debug] [Thread-2 (]: Using postgres connection "model.retail_customer_360.stg_products"
[0m00:28:20.987614 [debug] [Thread-1 (]: On model.retail_customer_360.stg_customers: /* {"app": "dbt", "dbt_version": "1.12.5", "profile_name": "retail_customer_360", "target_name": "dev", "node_id": "model.retail_customer_360.stg_customers"} */

  create view "retaildb"."public_retail_dbt_staging"."stg_customers__dbt_tmp"
    
    
  as (
    select
    customer_id,
    signup_date,
    city,
    segment
from retail_staging.customers
  );
[0m00:28:20.988978 [debug] [Thread-3 (]: Using postgres connection "model.retail_customer_360.stg_sales"
[0m00:28:20.989689 [debug] [Thread-2 (]: On model.retail_customer_360.stg_products: /* {"app": "dbt", "dbt_version": "1.12.5", "profile_name": "retail_customer_360", "target_name": "dev", "node_id": "model.retail_customer_360.stg_products"} */

  create view "retaildb"."public_retail_dbt_staging"."stg_products__dbt_tmp"
    
    
  as (
    select
    product_id,
    category,
    brand,
    description,
    price
from retail_staging.products
  );
[0m00:28:20.992069 [debug] [Thread-1 (]: Opening a new connection, currently in state closed
[0m00:28:20.993671 [debug] [Thread-3 (]: On model.retail_customer_360.stg_sales: /* {"app": "dbt", "dbt_version": "1.12.5", "profile_name": "retail_customer_360", "target_name": "dev", "node_id": "model.retail_customer_360.stg_sales"} */

  create view "retaildb"."public_retail_dbt_staging"."stg_sales__dbt_tmp"
    
    
  as (
    select
    sale_id,
    customer_id,
    product_id,
    timestamp,
    quantity,
    unit_price
from retail_staging.sales
  );
[0m00:28:20.995805 [debug] [Thread-2 (]: Opening a new connection, currently in state closed
[0m00:28:21.000284 [debug] [Thread-3 (]: Opening a new connection, currently in state closed
[0m00:28:21.023998 [debug] [Thread-3 (]: SQL status: CREATE VIEW in 0.024 seconds
[0m00:28:21.024645 [debug] [Thread-2 (]: SQL status: CREATE VIEW in 0.029 seconds
[0m00:28:21.025138 [debug] [Thread-1 (]: SQL status: CREATE VIEW in 0.033 seconds
[0m00:28:21.033553 [debug] [Thread-3 (]: Using postgres connection "model.retail_customer_360.stg_sales"
[0m00:28:21.038173 [debug] [Thread-2 (]: Using postgres connection "model.retail_customer_360.stg_products"
[0m00:28:21.042634 [debug] [Thread-1 (]: Using postgres connection "model.retail_customer_360.stg_customers"
[0m00:28:21.045121 [debug] [Thread-3 (]: On model.retail_customer_360.stg_sales: /* {"app": "dbt", "dbt_version": "1.12.5", "profile_name": "retail_customer_360", "target_name": "dev", "node_id": "model.retail_customer_360.stg_sales"} */
alter table "retaildb"."public_retail_dbt_staging"."stg_sales" rename to "stg_sales__dbt_backup"
[0m00:28:21.047743 [debug] [Thread-2 (]: On model.retail_customer_360.stg_products: /* {"app": "dbt", "dbt_version": "1.12.5", "profile_name": "retail_customer_360", "target_name": "dev", "node_id": "model.retail_customer_360.stg_products"} */
alter table "retaildb"."public_retail_dbt_staging"."stg_products" rename to "stg_products__dbt_backup"
[0m00:28:21.050261 [debug] [Thread-1 (]: On model.retail_customer_360.stg_customers: /* {"app": "dbt", "dbt_version": "1.12.5", "profile_name": "retail_customer_360", "target_name": "dev", "node_id": "model.retail_customer_360.stg_customers"} */
alter table "retaildb"."public_retail_dbt_staging"."stg_customers" rename to "stg_customers__dbt_backup"
[0m00:28:21.053670 [debug] [Thread-3 (]: SQL status: ALTER TABLE in 0.001 seconds
[0m00:28:21.055247 [debug] [Thread-2 (]: SQL status: ALTER TABLE in 0.001 seconds
[0m00:28:21.056893 [debug] [Thread-1 (]: SQL status: ALTER TABLE in 0.000 seconds
[0m00:28:21.060548 [debug] [Thread-3 (]: Using postgres connection "model.retail_customer_360.stg_sales"
[0m00:28:21.066339 [debug] [Thread-2 (]: Using postgres connection "model.retail_customer_360.stg_products"
[0m00:28:21.070151 [debug] [Thread-1 (]: Using postgres connection "model.retail_customer_360.stg_customers"
[0m00:28:21.072193 [debug] [Thread-3 (]: On model.retail_customer_360.stg_sales: /* {"app": "dbt", "dbt_version": "1.12.5", "profile_name": "retail_customer_360", "target_name": "dev", "node_id": "model.retail_customer_360.stg_sales"} */
alter table "retaildb"."public_retail_dbt_staging"."stg_sales__dbt_tmp" rename to "stg_sales"
[0m00:28:21.074007 [debug] [Thread-2 (]: On model.retail_customer_360.stg_products: /* {"app": "dbt", "dbt_version": "1.12.5", "profile_name": "retail_customer_360", "target_name": "dev", "node_id": "model.retail_customer_360.stg_products"} */
alter table "retaildb"."public_retail_dbt_staging"."stg_products__dbt_tmp" rename to "stg_products"
[0m00:28:21.075676 [debug] [Thread-1 (]: On model.retail_customer_360.stg_customers: /* {"app": "dbt", "dbt_version": "1.12.5", "profile_name": "retail_customer_360", "target_name": "dev", "node_id": "model.retail_customer_360.stg_customers"} */
alter table "retaildb"."public_retail_dbt_staging"."stg_customers__dbt_tmp" rename to "stg_customers"
[0m00:28:21.078225 [debug] [Thread-3 (]: SQL status: ALTER TABLE in 0.001 seconds
[0m00:28:21.079925 [debug] [Thread-2 (]: SQL status: ALTER TABLE in 0.001 seconds
[0m00:28:21.081216 [debug] [Thread-1 (]: SQL status: ALTER TABLE in 0.000 seconds
[0m00:28:21.107131 [debug] [Thread-2 (]: On model.retail_customer_360.stg_products: COMMIT
[0m00:28:21.112382 [debug] [Thread-3 (]: On model.retail_customer_360.stg_sales: COMMIT
[0m00:28:21.116050 [debug] [Thread-1 (]: On model.retail_customer_360.stg_customers: COMMIT
[0m00:28:21.118084 [debug] [Thread-2 (]: Using postgres connection "model.retail_customer_360.stg_products"
[0m00:28:21.120293 [debug] [Thread-3 (]: Using postgres connection "model.retail_customer_360.stg_sales"
[0m00:28:21.122020 [debug] [Thread-1 (]: Using postgres connection "model.retail_customer_360.stg_customers"
[0m00:28:21.124263 [debug] [Thread-2 (]: On model.retail_customer_360.stg_products: COMMIT
[0m00:28:21.126817 [debug] [Thread-3 (]: On model.retail_customer_360.stg_sales: COMMIT
[0m00:28:21.129156 [debug] [Thread-1 (]: On model.retail_customer_360.stg_customers: COMMIT
[0m00:28:21.134263 [debug] [Thread-2 (]: SQL status: COMMIT in 0.002 seconds
[0m00:28:21.136201 [debug] [Thread-3 (]: SQL status: COMMIT in 0.002 seconds
[0m00:28:21.138061 [debug] [Thread-1 (]: SQL status: COMMIT in 0.002 seconds
[0m00:28:21.157854 [debug] [Thread-2 (]: Applying DROP to: "retaildb"."public_retail_dbt_staging"."stg_products__dbt_backup"
[0m00:28:21.160674 [debug] [Thread-3 (]: Applying DROP to: "retaildb"."public_retail_dbt_staging"."stg_sales__dbt_backup"
[0m00:28:21.164669 [debug] [Thread-1 (]: Applying DROP to: "retaildb"."public_retail_dbt_staging"."stg_customers__dbt_backup"
[0m00:28:21.182987 [debug] [Thread-3 (]: Using postgres connection "model.retail_customer_360.stg_sales"
[0m00:28:21.181088 [debug] [Thread-2 (]: Using postgres connection "model.retail_customer_360.stg_products"
[0m00:28:21.188049 [debug] [Thread-1 (]: Using postgres connection "model.retail_customer_360.stg_customers"
[0m00:28:21.191058 [debug] [Thread-3 (]: On model.retail_customer_360.stg_sales: /* {"app": "dbt", "dbt_version": "1.12.5", "profile_name": "retail_customer_360", "target_name": "dev", "node_id": "model.retail_customer_360.stg_sales"} */
drop view if exists "retaildb"."public_retail_dbt_staging"."stg_sales__dbt_backup" cascade
[0m00:28:21.193788 [debug] [Thread-2 (]: On model.retail_customer_360.stg_products: /* {"app": "dbt", "dbt_version": "1.12.5", "profile_name": "retail_customer_360", "target_name": "dev", "node_id": "model.retail_customer_360.stg_products"} */
drop view if exists "retaildb"."public_retail_dbt_staging"."stg_products__dbt_backup" cascade
[0m00:28:21.197055 [debug] [Thread-1 (]: On model.retail_customer_360.stg_customers: /* {"app": "dbt", "dbt_version": "1.12.5", "profile_name": "retail_customer_360", "target_name": "dev", "node_id": "model.retail_customer_360.stg_customers"} */
drop view if exists "retaildb"."public_retail_dbt_staging"."stg_customers__dbt_backup" cascade
[0m00:28:21.205771 [debug] [Thread-3 (]: SQL status: DROP VIEW in 0.006 seconds
[0m00:28:21.208153 [debug] [Thread-2 (]: SQL status: DROP VIEW in 0.005 seconds
[0m00:28:21.213363 [debug] [Thread-3 (]: On model.retail_customer_360.stg_sales: Close
[0m00:28:21.214661 [debug] [Thread-1 (]: SQL status: DROP VIEW in 0.009 seconds
[0m00:28:21.219137 [debug] [Thread-2 (]: On model.retail_customer_360.stg_products: Close
[0m00:28:21.228298 [debug] [Thread-1 (]: On model.retail_customer_360.stg_customers: Close
[0m00:28:21.230126 [debug] [Thread-3 (]: Sending event: {'category': 'dbt', 'action': 'run_model', 'label': '8dba3fd6-3dee-4393-891f-6773fd77fd20', 'context': [<snowplow_tracker.self_describing_json.SelfDescribingJson object at 0x713e60b4f140>]}
[0m00:28:21.232392 [debug] [Thread-2 (]: Sending event: {'category': 'dbt', 'action': 'run_model', 'label': '8dba3fd6-3dee-4393-891f-6773fd77fd20', 'context': [<snowplow_tracker.self_describing_json.SelfDescribingJson object at 0x713e6371e150>]}
[0m00:28:21.234741 [debug] [Thread-1 (]: Sending event: {'category': 'dbt', 'action': 'run_model', 'label': '8dba3fd6-3dee-4393-891f-6773fd77fd20', 'context': [<snowplow_tracker.self_describing_json.SelfDescribingJson object at 0x713e6434c140>]}
[0m00:28:21.236673 [info ] [Thread-3 (]: 3 of 21 OK created sql view model public_retail_dbt_staging.stg_sales .......... [[32mCREATE VIEW[0m in 0.43s]
[0m00:28:21.238984 [info ] [Thread-2 (]: 2 of 21 OK created sql view model public_retail_dbt_staging.stg_products ....... [[32mCREATE VIEW[0m in 0.44s]
[0m00:28:21.242540 [info ] [Thread-1 (]: 1 of 21 OK created sql view model public_retail_dbt_staging.stg_customers ...... [[32mCREATE VIEW[0m in 0.44s]
[0m00:28:21.245284 [debug] [Thread-3 (]: Finished running node model.retail_customer_360.stg_sales
[0m00:28:21.247925 [debug] [Thread-2 (]: Finished running node model.retail_customer_360.stg_products
[0m00:28:21.250910 [debug] [Thread-1 (]: Finished running node model.retail_customer_360.stg_customers
[0m00:28:21.254837 [debug] [Thread-4 (]: Began running node test.retail_customer_360.not_null_stg_sales_customer_id.af88ce3793
[0m00:28:21.255894 [debug] [Thread-3 (]: Began running node test.retail_customer_360.not_null_stg_sales_product_id.f0a6c99276
[0m00:28:21.256966 [debug] [Thread-2 (]: Began running node test.retail_customer_360.not_null_stg_sales_quantity.0198ea4c12
[0m00:28:21.260276 [debug] [Thread-1 (]: Began running node test.retail_customer_360.not_null_stg_sales_sale_id.6b07c53929
[0m00:28:21.263778 [info ] [Thread-4 (]: 4 of 21 START test not_null_stg_sales_customer_id .............................. [RUN]
[0m00:28:21.266913 [info ] [Thread-3 (]: 5 of 21 START test not_null_stg_sales_product_id ............................... [RUN]
[0m00:28:21.270425 [info ] [Thread-2 (]: 6 of 21 START test not_null_stg_sales_quantity ................................. [RUN]
[0m00:28:21.273810 [info ] [Thread-1 (]: 7 of 21 START test not_null_stg_sales_sale_id .................................. [RUN]
[0m00:28:21.277347 [debug] [Thread-4 (]: Acquiring new postgres connection 'test.retail_customer_360.not_null_stg_sales_customer_id.af88ce3793'
[0m00:28:21.279893 [debug] [Thread-3 (]: Re-using an available connection from the pool (formerly model.retail_customer_360.stg_sales, now test.retail_customer_360.not_null_stg_sales_product_id.f0a6c99276)
[0m00:28:21.282751 [debug] [Thread-2 (]: Re-using an available connection from the pool (formerly model.retail_customer_360.stg_products, now test.retail_customer_360.not_null_stg_sales_quantity.0198ea4c12)
[0m00:28:21.285738 [debug] [Thread-1 (]: Re-using an available connection from the pool (formerly model.retail_customer_360.stg_customers, now test.retail_customer_360.not_null_stg_sales_sale_id.6b07c53929)
[0m00:28:21.289660 [debug] [Thread-4 (]: Began compiling node test.retail_customer_360.not_null_stg_sales_customer_id.af88ce3793
[0m00:28:21.292696 [debug] [Thread-3 (]: Began compiling node test.retail_customer_360.not_null_stg_sales_product_id.f0a6c99276
[0m00:28:21.295917 [debug] [Thread-2 (]: Began compiling node test.retail_customer_360.not_null_stg_sales_quantity.0198ea4c12
[0m00:28:21.299328 [debug] [Thread-1 (]: Began compiling node test.retail_customer_360.not_null_stg_sales_sale_id.6b07c53929
[0m00:28:21.334406 [debug] [Thread-4 (]: Writing injected SQL for node "test.retail_customer_360.not_null_stg_sales_customer_id.af88ce3793"
[0m00:28:21.335091 [debug] [Thread-3 (]: Writing injected SQL for node "test.retail_customer_360.not_null_stg_sales_product_id.f0a6c99276"
[0m00:28:21.343608 [debug] [Thread-2 (]: Writing injected SQL for node "test.retail_customer_360.not_null_stg_sales_quantity.0198ea4c12"
[0m00:28:21.351968 [debug] [Thread-1 (]: Writing injected SQL for node "test.retail_customer_360.not_null_stg_sales_sale_id.6b07c53929"
[0m00:28:21.380225 [debug] [Thread-4 (]: Began executing node test.retail_customer_360.not_null_stg_sales_customer_id.af88ce3793
[0m00:28:21.382339 [debug] [Thread-3 (]: Began executing node test.retail_customer_360.not_null_stg_sales_product_id.f0a6c99276
[0m00:28:21.388756 [debug] [Thread-1 (]: Began executing node test.retail_customer_360.not_null_stg_sales_sale_id.6b07c53929
[0m00:28:21.398687 [debug] [Thread-2 (]: Began executing node test.retail_customer_360.not_null_stg_sales_quantity.0198ea4c12
[0m00:28:21.429984 [debug] [Thread-3 (]: Writing runtime sql for node "test.retail_customer_360.not_null_stg_sales_product_id.f0a6c99276"
[0m00:28:21.430757 [debug] [Thread-4 (]: Writing runtime sql for node "test.retail_customer_360.not_null_stg_sales_customer_id.af88ce3793"
[0m00:28:21.434499 [debug] [Thread-1 (]: Writing runtime sql for node "test.retail_customer_360.not_null_stg_sales_sale_id.6b07c53929"
[0m00:28:21.440938 [debug] [Thread-2 (]: Writing runtime sql for node "test.retail_customer_360.not_null_stg_sales_quantity.0198ea4c12"
[0m00:28:21.468222 [debug] [Thread-3 (]: Using postgres connection "test.retail_customer_360.not_null_stg_sales_product_id.f0a6c99276"
[0m00:28:21.470748 [debug] [Thread-3 (]: On test.retail_customer_360.not_null_stg_sales_product_id.f0a6c99276: /* {"app": "dbt", "dbt_version": "1.12.5", "profile_name": "retail_customer_360", "target_name": "dev", "node_id": "test.retail_customer_360.not_null_stg_sales_product_id.f0a6c99276"} */

    
    select
      count(*) as failures,
      count(*) != 0 as should_warn,
      count(*) != 0 as should_error
    from (
      
    
  
    
    



select product_id
from "retaildb"."public_retail_dbt_staging"."stg_sales"
where product_id is null



  
  
      
    ) dbt_internal_test
[0m00:28:21.472215 [debug] [Thread-2 (]: Using postgres connection "test.retail_customer_360.not_null_stg_sales_quantity.0198ea4c12"
[0m00:28:21.473549 [debug] [Thread-3 (]: Opening a new connection, currently in state closed
[0m00:28:21.474887 [debug] [Thread-4 (]: Using postgres connection "test.retail_customer_360.not_null_stg_sales_customer_id.af88ce3793"
[0m00:28:21.475512 [debug] [Thread-2 (]: On test.retail_customer_360.not_null_stg_sales_quantity.0198ea4c12: /* {"app": "dbt", "dbt_version": "1.12.5", "profile_name": "retail_customer_360", "target_name": "dev", "node_id": "test.retail_customer_360.not_null_stg_sales_quantity.0198ea4c12"} */

    
    select
      count(*) as failures,
      count(*) != 0 as should_warn,
      count(*) != 0 as should_error
    from (
      
    
  
    
    



select quantity
from "retaildb"."public_retail_dbt_staging"."stg_sales"
where quantity is null



  
  
      
    ) dbt_internal_test
[0m00:28:21.479002 [debug] [Thread-1 (]: Using postgres connection "test.retail_customer_360.not_null_stg_sales_sale_id.6b07c53929"
[0m00:28:21.480084 [debug] [Thread-4 (]: On test.retail_customer_360.not_null_stg_sales_customer_id.af88ce3793: /* {"app": "dbt", "dbt_version": "1.12.5", "profile_name": "retail_customer_360", "target_name": "dev", "node_id": "test.retail_customer_360.not_null_stg_sales_customer_id.af88ce3793"} */

    
    select
      count(*) as failures,
      count(*) != 0 as should_warn,
      count(*) != 0 as should_error
    from (
      
    
  
    
    



select customer_id
from "retaildb"."public_retail_dbt_staging"."stg_sales"
where customer_id is null



  
  
      
    ) dbt_internal_test
[0m00:28:21.483542 [debug] [Thread-2 (]: Opening a new connection, currently in state closed
[0m00:28:21.486469 [debug] [Thread-1 (]: On test.retail_customer_360.not_null_stg_sales_sale_id.6b07c53929: /* {"app": "dbt", "dbt_version": "1.12.5", "profile_name": "retail_customer_360", "target_name": "dev", "node_id": "test.retail_customer_360.not_null_stg_sales_sale_id.6b07c53929"} */

    
    select
      count(*) as failures,
      count(*) != 0 as should_warn,
      count(*) != 0 as should_error
    from (
      
    
  
    
    



select sale_id
from "retaildb"."public_retail_dbt_staging"."stg_sales"
where sale_id is null



  
  
      
    ) dbt_internal_test
[0m00:28:21.490342 [debug] [Thread-4 (]: Opening a new connection, currently in state init
[0m00:28:21.494983 [debug] [Thread-3 (]: SQL status: SELECT 1 in 0.021 seconds
[0m00:28:21.497178 [debug] [Thread-1 (]: Opening a new connection, currently in state closed
[0m00:28:21.513791 [debug] [Thread-3 (]: On test.retail_customer_360.not_null_stg_sales_product_id.f0a6c99276: ROLLBACK
[0m00:28:21.517570 [debug] [Thread-2 (]: SQL status: SELECT 1 in 0.034 seconds
[0m00:28:21.519431 [debug] [Thread-3 (]: On test.retail_customer_360.not_null_stg_sales_product_id.f0a6c99276: Close
[0m00:28:21.520310 [debug] [Thread-4 (]: SQL status: SELECT 1 in 0.030 seconds
[0m00:28:21.522390 [debug] [Thread-2 (]: On test.retail_customer_360.not_null_stg_sales_quantity.0198ea4c12: ROLLBACK
[0m00:28:21.525538 [info ] [Thread-3 (]: 5 of 21 PASS not_null_stg_sales_product_id ..................................... [[32mPASS[0m in 0.25s]
[0m00:28:21.530102 [debug] [Thread-4 (]: On test.retail_customer_360.not_null_stg_sales_customer_id.af88ce3793: ROLLBACK
[0m00:28:21.532468 [debug] [Thread-1 (]: SQL status: SELECT 1 in 0.035 seconds
[0m00:28:21.533336 [debug] [Thread-2 (]: On test.retail_customer_360.not_null_stg_sales_quantity.0198ea4c12: Close
[0m00:28:21.535090 [debug] [Thread-3 (]: Finished running node test.retail_customer_360.not_null_stg_sales_product_id.f0a6c99276
[0m00:28:21.537936 [debug] [Thread-4 (]: On test.retail_customer_360.not_null_stg_sales_customer_id.af88ce3793: Close
[0m00:28:21.541251 [debug] [Thread-1 (]: On test.retail_customer_360.not_null_stg_sales_sale_id.6b07c53929: ROLLBACK
[0m00:28:21.544870 [info ] [Thread-2 (]: 6 of 21 PASS not_null_stg_sales_quantity ....................................... [[32mPASS[0m in 0.26s]
[0m00:28:21.546393 [debug] [Thread-3 (]: Began running node test.retail_customer_360.not_null_stg_sales_unit_price.1990b54df6
[0m00:28:21.549441 [info ] [Thread-4 (]: 4 of 21 PASS not_null_stg_sales_customer_id .................................... [[32mPASS[0m in 0.27s]
[0m00:28:21.551012 [debug] [Thread-1 (]: On test.retail_customer_360.not_null_stg_sales_sale_id.6b07c53929: Close
[0m00:28:21.552298 [debug] [Thread-2 (]: Finished running node test.retail_customer_360.not_null_stg_sales_quantity.0198ea4c12
[0m00:28:21.554585 [info ] [Thread-3 (]: 8 of 21 START test not_null_stg_sales_unit_price ............................... [RUN]
[0m00:28:21.557038 [debug] [Thread-4 (]: Finished running node test.retail_customer_360.not_null_stg_sales_customer_id.af88ce3793
[0m00:28:21.560741 [info ] [Thread-1 (]: 7 of 21 PASS not_null_stg_sales_sale_id ........................................ [[32mPASS[0m in 0.28s]
[0m00:28:21.562426 [debug] [Thread-2 (]: Began running node test.retail_customer_360.unique_stg_sales_sale_id.8a4f7c9521
[0m00:28:21.565214 [debug] [Thread-3 (]: Re-using an available connection from the pool (formerly test.retail_customer_360.not_null_stg_sales_product_id.f0a6c99276, now test.retail_customer_360.not_null_stg_sales_unit_price.1990b54df6)
[0m00:28:21.567695 [debug] [Thread-4 (]: Began running node test.retail_customer_360.not_null_stg_products_price.2d147627d4
[0m00:28:21.571116 [debug] [Thread-1 (]: Finished running node test.retail_customer_360.not_null_stg_sales_sale_id.6b07c53929
[0m00:28:21.574112 [info ] [Thread-2 (]: 9 of 21 START test unique_stg_sales_sale_id .................................... [RUN]
[0m00:28:21.577384 [debug] [Thread-3 (]: Began compiling node test.retail_customer_360.not_null_stg_sales_unit_price.1990b54df6
[0m00:28:21.580596 [info ] [Thread-4 (]: 10 of 21 START test not_null_stg_products_price ................................ [RUN]
[0m00:28:21.584367 [debug] [Thread-1 (]: Began running node test.retail_customer_360.not_null_stg_products_product_id.6373b0acf3
[0m00:28:21.588184 [debug] [Thread-2 (]: Re-using an available connection from the pool (formerly test.retail_customer_360.not_null_stg_sales_quantity.0198ea4c12, now test.retail_customer_360.unique_stg_sales_sale_id.8a4f7c9521)
[0m00:28:21.605349 [debug] [Thread-4 (]: Re-using an available connection from the pool (formerly test.retail_customer_360.not_null_stg_sales_customer_id.af88ce3793, now test.retail_customer_360.not_null_stg_products_price.2d147627d4)
[0m00:28:21.611030 [debug] [Thread-3 (]: Writing injected SQL for node "test.retail_customer_360.not_null_stg_sales_unit_price.1990b54df6"
[0m00:28:21.614501 [info ] [Thread-1 (]: 11 of 21 START test not_null_stg_products_product_id ........................... [RUN]
[0m00:28:21.617508 [debug] [Thread-2 (]: Began compiling node test.retail_customer_360.unique_stg_sales_sale_id.8a4f7c9521
[0m00:28:21.619762 [debug] [Thread-4 (]: Began compiling node test.retail_customer_360.not_null_stg_products_price.2d147627d4
[0m00:28:21.624541 [debug] [Thread-1 (]: Re-using an available connection from the pool (formerly test.retail_customer_360.not_null_stg_sales_sale_id.6b07c53929, now test.retail_customer_360.not_null_stg_products_product_id.6373b0acf3)
[0m00:28:21.646547 [debug] [Thread-2 (]: Writing injected SQL for node "test.retail_customer_360.unique_stg_sales_sale_id.8a4f7c9521"
[0m00:28:21.651820 [debug] [Thread-4 (]: Writing injected SQL for node "test.retail_customer_360.not_null_stg_products_price.2d147627d4"
[0m00:28:21.652742 [debug] [Thread-1 (]: Began compiling node test.retail_customer_360.not_null_stg_products_product_id.6373b0acf3
[0m00:28:21.670914 [debug] [Thread-1 (]: Writing injected SQL for node "test.retail_customer_360.not_null_stg_products_product_id.6373b0acf3"
[0m00:28:21.678481 [debug] [Thread-3 (]: Began executing node test.retail_customer_360.not_null_stg_sales_unit_price.1990b54df6
[0m00:28:21.679922 [debug] [Thread-2 (]: Began executing node test.retail_customer_360.unique_stg_sales_sale_id.8a4f7c9521
[0m00:28:21.681248 [debug] [Thread-4 (]: Began executing node test.retail_customer_360.not_null_stg_products_price.2d147627d4
[0m00:28:21.684330 [debug] [Thread-3 (]: Writing runtime sql for node "test.retail_customer_360.not_null_stg_sales_unit_price.1990b54df6"
[0m00:28:21.689273 [debug] [Thread-2 (]: Writing runtime sql for node "test.retail_customer_360.unique_stg_sales_sale_id.8a4f7c9521"
[0m00:28:21.694783 [debug] [Thread-4 (]: Writing runtime sql for node "test.retail_customer_360.not_null_stg_products_price.2d147627d4"
[0m00:28:21.695564 [debug] [Thread-1 (]: Began executing node test.retail_customer_360.not_null_stg_products_product_id.6373b0acf3
[0m00:28:21.708209 [debug] [Thread-1 (]: Writing runtime sql for node "test.retail_customer_360.not_null_stg_products_product_id.6373b0acf3"
[0m00:28:21.727779 [debug] [Thread-3 (]: Using postgres connection "test.retail_customer_360.not_null_stg_sales_unit_price.1990b54df6"
[0m00:28:21.731631 [debug] [Thread-3 (]: On test.retail_customer_360.not_null_stg_sales_unit_price.1990b54df6: /* {"app": "dbt", "dbt_version": "1.12.5", "profile_name": "retail_customer_360", "target_name": "dev", "node_id": "test.retail_customer_360.not_null_stg_sales_unit_price.1990b54df6"} */

    
    select
      count(*) as failures,
      count(*) != 0 as should_warn,
      count(*) != 0 as should_error
    from (
      
    
  
    
    



select unit_price
from "retaildb"."public_retail_dbt_staging"."stg_sales"
where unit_price is null



  
  
      
    ) dbt_internal_test
[0m00:28:21.732965 [debug] [Thread-2 (]: Using postgres connection "test.retail_customer_360.unique_stg_sales_sale_id.8a4f7c9521"
[0m00:28:21.734292 [debug] [Thread-1 (]: Using postgres connection "test.retail_customer_360.not_null_stg_products_product_id.6373b0acf3"
[0m00:28:21.737418 [debug] [Thread-3 (]: Opening a new connection, currently in state closed
[0m00:28:21.740440 [debug] [Thread-2 (]: On test.retail_customer_360.unique_stg_sales_sale_id.8a4f7c9521: /* {"app": "dbt", "dbt_version": "1.12.5", "profile_name": "retail_customer_360", "target_name": "dev", "node_id": "test.retail_customer_360.unique_stg_sales_sale_id.8a4f7c9521"} */

    
    select
      count(*) as failures,
      count(*) != 0 as should_warn,
      count(*) != 0 as should_error
    from (
      
    
  
    
    

select
    sale_id as unique_field,
    count(*) as n_records

from "retaildb"."public_retail_dbt_staging"."stg_sales"
where sale_id is not null
group by sale_id
having count(*) > 1



  
  
      
    ) dbt_internal_test
[0m00:28:21.741333 [debug] [Thread-4 (]: Using postgres connection "test.retail_customer_360.not_null_stg_products_price.2d147627d4"
[0m00:28:21.743474 [debug] [Thread-1 (]: On test.retail_customer_360.not_null_stg_products_product_id.6373b0acf3: /* {"app": "dbt", "dbt_version": "1.12.5", "profile_name": "retail_customer_360", "target_name": "dev", "node_id": "test.retail_customer_360.not_null_stg_products_product_id.6373b0acf3"} */

    
    select
      count(*) as failures,
      count(*) != 0 as should_warn,
      count(*) != 0 as should_error
    from (
      
    
  
    
    



select product_id
from "retaildb"."public_retail_dbt_staging"."stg_products"
where product_id is null



  
  
      
    ) dbt_internal_test
[0m00:28:21.748882 [debug] [Thread-2 (]: Opening a new connection, currently in state closed
[0m00:28:21.751664 [debug] [Thread-4 (]: On test.retail_customer_360.not_null_stg_products_price.2d147627d4: /* {"app": "dbt", "dbt_version": "1.12.5", "profile_name": "retail_customer_360", "target_name": "dev", "node_id": "test.retail_customer_360.not_null_stg_products_price.2d147627d4"} */

    
    select
      count(*) as failures,
      count(*) != 0 as should_warn,
      count(*) != 0 as should_error
    from (
      
    
  
    
    



select price
from "retaildb"."public_retail_dbt_staging"."stg_products"
where price is null



  
  
      
    ) dbt_internal_test
[0m00:28:21.753159 [debug] [Thread-1 (]: Opening a new connection, currently in state closed
[0m00:28:21.757111 [debug] [Thread-4 (]: Opening a new connection, currently in state closed
[0m00:28:21.758841 [debug] [Thread-3 (]: SQL status: SELECT 1 in 0.021 seconds
[0m00:28:21.770003 [debug] [Thread-3 (]: On test.retail_customer_360.not_null_stg_sales_unit_price.1990b54df6: ROLLBACK
[0m00:28:21.773925 [debug] [Thread-3 (]: On test.retail_customer_360.not_null_stg_sales_unit_price.1990b54df6: Close
[0m00:28:21.775615 [debug] [Thread-2 (]: SQL status: SELECT 1 in 0.027 seconds
[0m00:28:21.778153 [info ] [Thread-3 (]: 8 of 21 PASS not_null_stg_sales_unit_price ..................................... [[32mPASS[0m in 0.21s]
[0m00:28:21.780034 [debug] [Thread-1 (]: SQL status: SELECT 1 in 0.026 seconds
[0m00:28:21.783313 [debug] [Thread-2 (]: On test.retail_customer_360.unique_stg_sales_sale_id.8a4f7c9521: ROLLBACK
[0m00:28:21.783933 [debug] [Thread-4 (]: SQL status: SELECT 1 in 0.027 seconds
[0m00:28:21.785817 [debug] [Thread-3 (]: Finished running node test.retail_customer_360.not_null_stg_sales_unit_price.1990b54df6
[0m00:28:21.789547 [debug] [Thread-1 (]: On test.retail_customer_360.not_null_stg_products_product_id.6373b0acf3: ROLLBACK
[0m00:28:21.793111 [debug] [Thread-2 (]: On test.retail_customer_360.unique_stg_sales_sale_id.8a4f7c9521: Close
[0m00:28:21.795973 [debug] [Thread-4 (]: On test.retail_customer_360.not_null_stg_products_price.2d147627d4: ROLLBACK
[0m00:28:21.798004 [debug] [Thread-3 (]: Began running node test.retail_customer_360.relationships_stg_sales_product_id__product_id__ref_stg_products_.57e6472e6d
[0m00:28:21.800197 [debug] [Thread-1 (]: On test.retail_customer_360.not_null_stg_products_product_id.6373b0acf3: Close
[0m00:28:21.801659 [info ] [Thread-2 (]: 9 of 21 PASS unique_stg_sales_sale_id .......................................... [[32mPASS[0m in 0.21s]
[0m00:28:21.803553 [debug] [Thread-4 (]: On test.retail_customer_360.not_null_stg_products_price.2d147627d4: Close
[0m00:28:21.805148 [info ] [Thread-3 (]: 12 of 21 START test relationships_stg_sales_product_id__product_id__ref_stg_products_  [RUN]
[0m00:28:21.808626 [info ] [Thread-1 (]: 11 of 21 PASS not_null_stg_products_product_id ................................. [[32mPASS[0m in 0.18s]
[0m00:28:21.810157 [debug] [Thread-2 (]: Finished running node test.retail_customer_360.unique_stg_sales_sale_id.8a4f7c9521
[0m00:28:21.813152 [info ] [Thread-4 (]: 10 of 21 PASS not_null_stg_products_price ...................................... [[32mPASS[0m in 0.21s]
[0m00:28:21.814788 [debug] [Thread-3 (]: Re-using an available connection from the pool (formerly test.retail_customer_360.not_null_stg_sales_unit_price.1990b54df6, now test.retail_customer_360.relationships_stg_sales_product_id__product_id__ref_stg_products_.57e6472e6d)
[0m00:28:21.817702 [debug] [Thread-1 (]: Finished running node test.retail_customer_360.not_null_stg_products_product_id.6373b0acf3
[0m00:28:21.820070 [debug] [Thread-2 (]: Began running node test.retail_customer_360.unique_stg_products_product_id.7d950a1467
[0m00:28:21.823352 [debug] [Thread-4 (]: Finished running node test.retail_customer_360.not_null_stg_products_price.2d147627d4
[0m00:28:21.825845 [debug] [Thread-3 (]: Began compiling node test.retail_customer_360.relationships_stg_sales_product_id__product_id__ref_stg_products_.57e6472e6d
[0m00:28:21.828311 [debug] [Thread-1 (]: Began running node test.retail_customer_360.not_null_stg_customers_customer_id.e2cfb1f9aa
[0m00:28:21.830847 [info ] [Thread-2 (]: 13 of 21 START test unique_stg_products_product_id ............................. [RUN]
[0m00:28:21.833753 [debug] [Thread-4 (]: Began running node test.retail_customer_360.not_null_stg_customers_signup_date.ef12d9c335
[0m00:28:21.849639 [info ] [Thread-1 (]: 14 of 21 START test not_null_stg_customers_customer_id ......................... [RUN]
[0m00:28:21.857612 [debug] [Thread-2 (]: Re-using an available connection from the pool (formerly test.retail_customer_360.unique_stg_sales_sale_id.8a4f7c9521, now test.retail_customer_360.unique_stg_products_product_id.7d950a1467)
[0m00:28:21.865497 [info ] [Thread-4 (]: 15 of 21 START test not_null_stg_customers_signup_date ......................... [RUN]
[0m00:28:21.870759 [debug] [Thread-3 (]: Writing injected SQL for node "test.retail_customer_360.relationships_stg_sales_product_id__product_id__ref_stg_products_.57e6472e6d"
[0m00:28:21.872632 [debug] [Thread-1 (]: Re-using an available connection from the pool (formerly test.retail_customer_360.not_null_stg_products_product_id.6373b0acf3, now test.retail_customer_360.not_null_stg_customers_customer_id.e2cfb1f9aa)
[0m00:28:21.876278 [debug] [Thread-2 (]: Began compiling node test.retail_customer_360.unique_stg_products_product_id.7d950a1467
[0m00:28:21.879754 [debug] [Thread-4 (]: Re-using an available connection from the pool (formerly test.retail_customer_360.not_null_stg_products_price.2d147627d4, now test.retail_customer_360.not_null_stg_customers_signup_date.ef12d9c335)
[0m00:28:21.886317 [debug] [Thread-1 (]: Began compiling node test.retail_customer_360.not_null_stg_customers_customer_id.e2cfb1f9aa
[0m00:28:21.904223 [debug] [Thread-4 (]: Began compiling node test.retail_customer_360.not_null_stg_customers_signup_date.ef12d9c335
[0m00:28:21.906470 [debug] [Thread-2 (]: Writing injected SQL for node "test.retail_customer_360.unique_stg_products_product_id.7d950a1467"
[0m00:28:21.933624 [debug] [Thread-1 (]: Writing injected SQL for node "test.retail_customer_360.not_null_stg_customers_customer_id.e2cfb1f9aa"
[0m00:28:21.945291 [debug] [Thread-4 (]: Writing injected SQL for node "test.retail_customer_360.not_null_stg_customers_signup_date.ef12d9c335"
[0m00:28:21.953863 [debug] [Thread-3 (]: Began executing node test.retail_customer_360.relationships_stg_sales_product_id__product_id__ref_stg_products_.57e6472e6d
[0m00:28:21.962133 [debug] [Thread-3 (]: Writing runtime sql for node "test.retail_customer_360.relationships_stg_sales_product_id__product_id__ref_stg_products_.57e6472e6d"
[0m00:28:21.963606 [debug] [Thread-2 (]: Began executing node test.retail_customer_360.unique_stg_products_product_id.7d950a1467
[0m00:28:21.975873 [debug] [Thread-2 (]: Writing runtime sql for node "test.retail_customer_360.unique_stg_products_product_id.7d950a1467"
[0m00:28:21.976759 [debug] [Thread-1 (]: Began executing node test.retail_customer_360.not_null_stg_customers_customer_id.e2cfb1f9aa
[0m00:28:21.977263 [debug] [Thread-4 (]: Began executing node test.retail_customer_360.not_null_stg_customers_signup_date.ef12d9c335
[0m00:28:21.983184 [debug] [Thread-1 (]: Writing runtime sql for node "test.retail_customer_360.not_null_stg_customers_customer_id.e2cfb1f9aa"
[0m00:28:21.990872 [debug] [Thread-4 (]: Writing runtime sql for node "test.retail_customer_360.not_null_stg_customers_signup_date.ef12d9c335"
[0m00:28:21.997725 [debug] [Thread-2 (]: Using postgres connection "test.retail_customer_360.unique_stg_products_product_id.7d950a1467"
[0m00:28:21.999594 [debug] [Thread-3 (]: Using postgres connection "test.retail_customer_360.relationships_stg_sales_product_id__product_id__ref_stg_products_.57e6472e6d"
[0m00:28:22.001819 [debug] [Thread-2 (]: On test.retail_customer_360.unique_stg_products_product_id.7d950a1467: /* {"app": "dbt", "dbt_version": "1.12.5", "profile_name": "retail_customer_360", "target_name": "dev", "node_id": "test.retail_customer_360.unique_stg_products_product_id.7d950a1467"} */

    
    select
      count(*) as failures,
      count(*) != 0 as should_warn,
      count(*) != 0 as should_error
    from (
      
    
  
    
    

select
    product_id as unique_field,
    count(*) as n_records

from "retaildb"."public_retail_dbt_staging"."stg_products"
where product_id is not null
group by product_id
having count(*) > 1



  
  
      
    ) dbt_internal_test
[0m00:28:22.006647 [debug] [Thread-3 (]: On test.retail_customer_360.relationships_stg_sales_product_id__product_id__ref_stg_products_.57e6472e6d: /* {"app": "dbt", "dbt_version": "1.12.5", "profile_name": "retail_customer_360", "target_name": "dev", "node_id": "test.retail_customer_360.relationships_stg_sales_product_id__product_id__ref_stg_products_.57e6472e6d"} */

    
    select
      count(*) as failures,
      count(*) != 0 as should_warn,
      count(*) != 0 as should_error
    from (
      
    
  
    
    

with child as (
    select product_id as from_field
    from "retaildb"."public_retail_dbt_staging"."stg_sales"
    where product_id is not null
),

parent as (
    select product_id as to_field
    from "retaildb"."public_retail_dbt_staging"."stg_products"
)

select
    from_field

from child
left join parent
    on child.from_field = parent.to_field

where parent.to_field is null



  
  
      
    ) dbt_internal_test
[0m00:28:22.010644 [debug] [Thread-2 (]: Opening a new connection, currently in state closed
[0m00:28:22.012390 [debug] [Thread-3 (]: Opening a new connection, currently in state closed
[0m00:28:22.013443 [debug] [Thread-4 (]: Using postgres connection "test.retail_customer_360.not_null_stg_customers_signup_date.ef12d9c335"
[0m00:28:22.014488 [debug] [Thread-1 (]: Using postgres connection "test.retail_customer_360.not_null_stg_customers_customer_id.e2cfb1f9aa"
[0m00:28:22.020602 [debug] [Thread-4 (]: On test.retail_customer_360.not_null_stg_customers_signup_date.ef12d9c335: /* {"app": "dbt", "dbt_version": "1.12.5", "profile_name": "retail_customer_360", "target_name": "dev", "node_id": "test.retail_customer_360.not_null_stg_customers_signup_date.ef12d9c335"} */

    
    select
      count(*) as failures,
      count(*) != 0 as should_warn,
      count(*) != 0 as should_error
    from (
      
    
  
    
    



select signup_date
from "retaildb"."public_retail_dbt_staging"."stg_customers"
where signup_date is null



  
  
      
    ) dbt_internal_test
[0m00:28:22.023775 [debug] [Thread-1 (]: On test.retail_customer_360.not_null_stg_customers_customer_id.e2cfb1f9aa: /* {"app": "dbt", "dbt_version": "1.12.5", "profile_name": "retail_customer_360", "target_name": "dev", "node_id": "test.retail_customer_360.not_null_stg_customers_customer_id.e2cfb1f9aa"} */

    
    select
      count(*) as failures,
      count(*) != 0 as should_warn,
      count(*) != 0 as should_error
    from (
      
    
  
    
    



select customer_id
from "retaildb"."public_retail_dbt_staging"."stg_customers"
where customer_id is null



  
  
      
    ) dbt_internal_test
[0m00:28:22.026657 [debug] [Thread-4 (]: Opening a new connection, currently in state closed
[0m00:28:22.028476 [debug] [Thread-2 (]: SQL status: SELECT 1 in 0.018 seconds
[0m00:28:22.029615 [debug] [Thread-1 (]: Opening a new connection, currently in state closed
[0m00:28:22.033117 [debug] [Thread-3 (]: SQL status: SELECT 1 in 0.021 seconds
[0m00:28:22.037979 [debug] [Thread-2 (]: On test.retail_customer_360.unique_stg_products_product_id.7d950a1467: ROLLBACK
[0m00:28:22.044652 [debug] [Thread-3 (]: On test.retail_customer_360.relationships_stg_sales_product_id__product_id__ref_stg_products_.57e6472e6d: ROLLBACK
[0m00:28:22.046392 [debug] [Thread-4 (]: SQL status: SELECT 1 in 0.020 seconds
[0m00:28:22.047134 [debug] [Thread-2 (]: On test.retail_customer_360.unique_stg_products_product_id.7d950a1467: Close
[0m00:28:22.048726 [debug] [Thread-3 (]: On test.retail_customer_360.relationships_stg_sales_product_id__product_id__ref_stg_products_.57e6472e6d: Close
[0m00:28:22.052655 [debug] [Thread-4 (]: On test.retail_customer_360.not_null_stg_customers_signup_date.ef12d9c335: ROLLBACK
[0m00:28:22.054350 [debug] [Thread-1 (]: SQL status: SELECT 1 in 0.025 seconds
[0m00:28:22.055263 [info ] [Thread-2 (]: 13 of 21 PASS unique_stg_products_product_id ................................... [[32mPASS[0m in 0.20s]
[0m00:28:22.056855 [info ] [Thread-3 (]: 12 of 21 PASS relationships_stg_sales_product_id__product_id__ref_stg_products_  [[32mPASS[0m in 0.24s]
[0m00:28:22.059029 [debug] [Thread-4 (]: On test.retail_customer_360.not_null_stg_customers_signup_date.ef12d9c335: Close
[0m00:28:22.062086 [debug] [Thread-1 (]: On test.retail_customer_360.not_null_stg_customers_customer_id.e2cfb1f9aa: ROLLBACK
[0m00:28:22.064537 [debug] [Thread-2 (]: Finished running node test.retail_customer_360.unique_stg_products_product_id.7d950a1467
[0m00:28:22.066327 [debug] [Thread-3 (]: Finished running node test.retail_customer_360.relationships_stg_sales_product_id__product_id__ref_stg_products_.57e6472e6d
[0m00:28:22.069112 [info ] [Thread-4 (]: 15 of 21 PASS not_null_stg_customers_signup_date ............................... [[32mPASS[0m in 0.19s]
[0m00:28:22.070622 [debug] [Thread-1 (]: On test.retail_customer_360.not_null_stg_customers_customer_id.e2cfb1f9aa: Close
[0m00:28:22.071895 [debug] [Thread-2 (]: Began running node test.retail_customer_360.relationships_stg_sales_customer_id__customer_id__ref_stg_customers_.f88f1dcfca
[0m00:28:22.073886 [debug] [Thread-3 (]: Began running node test.retail_customer_360.unique_stg_customers_customer_id.c7614daada
[0m00:28:22.076098 [debug] [Thread-4 (]: Finished running node test.retail_customer_360.not_null_stg_customers_signup_date.ef12d9c335
[0m00:28:22.078554 [info ] [Thread-1 (]: 14 of 21 PASS not_null_stg_customers_customer_id ............................... [[32mPASS[0m in 0.21s]
[0m00:28:22.080543 [info ] [Thread-2 (]: 16 of 21 START test relationships_stg_sales_customer_id__customer_id__ref_stg_customers_  [RUN]
[0m00:28:22.083360 [info ] [Thread-3 (]: 17 of 21 START test unique_stg_customers_customer_id ........................... [RUN]
[0m00:28:22.088163 [debug] [Thread-1 (]: Finished running node test.retail_customer_360.not_null_stg_customers_customer_id.e2cfb1f9aa
[0m00:28:22.090563 [debug] [Thread-2 (]: Re-using an available connection from the pool (formerly test.retail_customer_360.unique_stg_products_product_id.7d950a1467, now test.retail_customer_360.relationships_stg_sales_customer_id__customer_id__ref_stg_customers_.f88f1dcfca)
[0m00:28:22.092860 [debug] [Thread-3 (]: Re-using an available connection from the pool (formerly test.retail_customer_360.relationships_stg_sales_product_id__product_id__ref_stg_products_.57e6472e6d, now test.retail_customer_360.unique_stg_customers_customer_id.c7614daada)
[0m00:28:22.096586 [debug] [Thread-2 (]: Began compiling node test.retail_customer_360.relationships_stg_sales_customer_id__customer_id__ref_stg_customers_.f88f1dcfca
[0m00:28:22.099036 [debug] [Thread-3 (]: Began compiling node test.retail_customer_360.unique_stg_customers_customer_id.c7614daada
[0m00:28:22.129436 [debug] [Thread-2 (]: Writing injected SQL for node "test.retail_customer_360.relationships_stg_sales_customer_id__customer_id__ref_stg_customers_.f88f1dcfca"
[0m00:28:22.140641 [debug] [Thread-3 (]: Writing injected SQL for node "test.retail_customer_360.unique_stg_customers_customer_id.c7614daada"
[0m00:28:22.171700 [debug] [Thread-2 (]: Began executing node test.retail_customer_360.relationships_stg_sales_customer_id__customer_id__ref_stg_customers_.f88f1dcfca
[0m00:28:22.179485 [debug] [Thread-2 (]: Writing runtime sql for node "test.retail_customer_360.relationships_stg_sales_customer_id__customer_id__ref_stg_customers_.f88f1dcfca"
[0m00:28:22.180527 [debug] [Thread-3 (]: Began executing node test.retail_customer_360.unique_stg_customers_customer_id.c7614daada
[0m00:28:22.188151 [debug] [Thread-3 (]: Writing runtime sql for node "test.retail_customer_360.unique_stg_customers_customer_id.c7614daada"
[0m00:28:22.218780 [debug] [Thread-3 (]: Using postgres connection "test.retail_customer_360.unique_stg_customers_customer_id.c7614daada"
[0m00:28:22.222562 [debug] [Thread-3 (]: On test.retail_customer_360.unique_stg_customers_customer_id.c7614daada: /* {"app": "dbt", "dbt_version": "1.12.5", "profile_name": "retail_customer_360", "target_name": "dev", "node_id": "test.retail_customer_360.unique_stg_customers_customer_id.c7614daada"} */

    
    select
      count(*) as failures,
      count(*) != 0 as should_warn,
      count(*) != 0 as should_error
    from (
      
    
  
    
    

select
    customer_id as unique_field,
    count(*) as n_records

from "retaildb"."public_retail_dbt_staging"."stg_customers"
where customer_id is not null
group by customer_id
having count(*) > 1



  
  
      
    ) dbt_internal_test
[0m00:28:22.224939 [debug] [Thread-2 (]: Using postgres connection "test.retail_customer_360.relationships_stg_sales_customer_id__customer_id__ref_stg_customers_.f88f1dcfca"
[0m00:28:22.226149 [debug] [Thread-3 (]: Opening a new connection, currently in state closed
[0m00:28:22.230366 [debug] [Thread-2 (]: On test.retail_customer_360.relationships_stg_sales_customer_id__customer_id__ref_stg_customers_.f88f1dcfca: /* {"app": "dbt", "dbt_version": "1.12.5", "profile_name": "retail_customer_360", "target_name": "dev", "node_id": "test.retail_customer_360.relationships_stg_sales_customer_id__customer_id__ref_stg_customers_.f88f1dcfca"} */

    
    select
      count(*) as failures,
      count(*) != 0 as should_warn,
      count(*) != 0 as should_error
    from (
      
    
  
    
    

with child as (
    select customer_id as from_field
    from "retaildb"."public_retail_dbt_staging"."stg_sales"
    where customer_id is not null
),

parent as (
    select customer_id as to_field
    from "retaildb"."public_retail_dbt_staging"."stg_customers"
)

select
    from_field

from child
left join parent
    on child.from_field = parent.to_field

where parent.to_field is null



  
  
      
    ) dbt_internal_test
[0m00:28:22.237588 [debug] [Thread-2 (]: Opening a new connection, currently in state closed
[0m00:28:22.252499 [debug] [Thread-3 (]: SQL status: SELECT 1 in 0.026 seconds
[0m00:28:22.258087 [debug] [Thread-3 (]: On test.retail_customer_360.unique_stg_customers_customer_id.c7614daada: ROLLBACK
[0m00:28:22.259570 [debug] [Thread-2 (]: SQL status: SELECT 1 in 0.022 seconds
[0m00:28:22.261838 [debug] [Thread-3 (]: On test.retail_customer_360.unique_stg_customers_customer_id.c7614daada: Close
[0m00:28:22.265514 [debug] [Thread-2 (]: On test.retail_customer_360.relationships_stg_sales_customer_id__customer_id__ref_stg_customers_.f88f1dcfca: ROLLBACK
[0m00:28:22.269460 [info ] [Thread-3 (]: 17 of 21 PASS unique_stg_customers_customer_id ................................. [[32mPASS[0m in 0.18s]
[0m00:28:22.271344 [debug] [Thread-2 (]: On test.retail_customer_360.relationships_stg_sales_customer_id__customer_id__ref_stg_customers_.f88f1dcfca: Close
[0m00:28:22.273277 [debug] [Thread-3 (]: Finished running node test.retail_customer_360.unique_stg_customers_customer_id.c7614daada
[0m00:28:22.276824 [info ] [Thread-2 (]: 16 of 21 PASS relationships_stg_sales_customer_id__customer_id__ref_stg_customers_  [[32mPASS[0m in 0.19s]
[0m00:28:22.281061 [debug] [Thread-2 (]: Finished running node test.retail_customer_360.relationships_stg_sales_customer_id__customer_id__ref_stg_customers_.f88f1dcfca
[0m00:28:22.286003 [debug] [Thread-4 (]: Began running node model.retail_customer_360.int_sales_enriched
[0m00:28:22.289989 [info ] [Thread-4 (]: 18 of 21 START sql table model public_retail_dbt_intermediate.int_sales_enriched  [RUN]
[0m00:28:22.293985 [debug] [Thread-4 (]: Re-using an available connection from the pool (formerly test.retail_customer_360.not_null_stg_customers_signup_date.ef12d9c335, now model.retail_customer_360.int_sales_enriched)
[0m00:28:22.297525 [debug] [Thread-4 (]: Began compiling node model.retail_customer_360.int_sales_enriched
[0m00:28:22.305569 [debug] [Thread-4 (]: Writing injected SQL for node "model.retail_customer_360.int_sales_enriched"
[0m00:28:22.357195 [debug] [Thread-4 (]: Began executing node model.retail_customer_360.int_sales_enriched
[0m00:28:22.392008 [debug] [Thread-4 (]: Writing runtime sql for node "model.retail_customer_360.int_sales_enriched"
[0m00:28:22.439320 [debug] [Thread-4 (]: Using postgres connection "model.retail_customer_360.int_sales_enriched"
[0m00:28:22.443454 [debug] [Thread-4 (]: On model.retail_customer_360.int_sales_enriched: /* {"app": "dbt", "dbt_version": "1.12.5", "profile_name": "retail_customer_360", "target_name": "dev", "node_id": "model.retail_customer_360.int_sales_enriched"} */

  
    

  create  table "retaildb"."public_retail_dbt_intermediate"."int_sales_enriched__dbt_tmp"
  
  
    as
  
  (
    with sales as (

    select *
    from "retaildb"."public_retail_dbt_staging"."stg_sales"

),

customers as (

    select *
    from "retaildb"."public_retail_dbt_staging"."stg_customers"

),

products as (

    select *
    from "retaildb"."public_retail_dbt_staging"."stg_products"

)

select
    s.sale_id,
    s.customer_id,
    s.product_id,
    s.timestamp,
    s.quantity,
    s.unit_price,

    c.signup_date,
    c.city,
    c.segment,

    p.category,
    p.brand,
    p.description,
    p.price as product_price,

    s.quantity * s.unit_price as total_line

from sales s

left join customers c
    on s.customer_id = c.customer_id

left join products p
    on s.product_id = p.product_id
  );
  
[0m00:28:22.447594 [debug] [Thread-4 (]: Opening a new connection, currently in state closed
[0m00:28:22.497271 [debug] [Thread-4 (]: SQL status: SELECT 1000 in 0.050 seconds
[0m00:28:22.513409 [debug] [Thread-4 (]: Using postgres connection "model.retail_customer_360.int_sales_enriched"
[0m00:28:22.517023 [debug] [Thread-4 (]: On model.retail_customer_360.int_sales_enriched: /* {"app": "dbt", "dbt_version": "1.12.5", "profile_name": "retail_customer_360", "target_name": "dev", "node_id": "model.retail_customer_360.int_sales_enriched"} */
alter table "retaildb"."public_retail_dbt_intermediate"."int_sales_enriched" rename to "int_sales_enriched__dbt_backup"
[0m00:28:22.522141 [debug] [Thread-4 (]: SQL status: ALTER TABLE in 0.002 seconds
[0m00:28:22.527237 [debug] [Thread-4 (]: Using postgres connection "model.retail_customer_360.int_sales_enriched"
[0m00:28:22.529536 [debug] [Thread-4 (]: On model.retail_customer_360.int_sales_enriched: /* {"app": "dbt", "dbt_version": "1.12.5", "profile_name": "retail_customer_360", "target_name": "dev", "node_id": "model.retail_customer_360.int_sales_enriched"} */
alter table "retaildb"."public_retail_dbt_intermediate"."int_sales_enriched__dbt_tmp" rename to "int_sales_enriched"
[0m00:28:22.532864 [debug] [Thread-4 (]: SQL status: ALTER TABLE in 0.001 seconds
[0m00:28:22.540027 [debug] [Thread-4 (]: On model.retail_customer_360.int_sales_enriched: COMMIT
[0m00:28:22.542951 [debug] [Thread-4 (]: Using postgres connection "model.retail_customer_360.int_sales_enriched"
[0m00:28:22.546088 [debug] [Thread-4 (]: On model.retail_customer_360.int_sales_enriched: COMMIT
[0m00:28:22.552144 [debug] [Thread-4 (]: SQL status: COMMIT in 0.003 seconds
[0m00:28:22.557934 [debug] [Thread-4 (]: Applying DROP to: "retaildb"."public_retail_dbt_intermediate"."int_sales_enriched__dbt_backup"
[0m00:28:22.564091 [debug] [Thread-4 (]: Using postgres connection "model.retail_customer_360.int_sales_enriched"
[0m00:28:22.566942 [debug] [Thread-4 (]: On model.retail_customer_360.int_sales_enriched: /* {"app": "dbt", "dbt_version": "1.12.5", "profile_name": "retail_customer_360", "target_name": "dev", "node_id": "model.retail_customer_360.int_sales_enriched"} */
drop table if exists "retaildb"."public_retail_dbt_intermediate"."int_sales_enriched__dbt_backup" cascade
[0m00:28:22.577541 [debug] [Thread-4 (]: SQL status: DROP TABLE in 0.008 seconds
[0m00:28:22.584195 [debug] [Thread-4 (]: On model.retail_customer_360.int_sales_enriched: Close
[0m00:28:22.588793 [debug] [Thread-4 (]: Sending event: {'category': 'dbt', 'action': 'run_model', 'label': '8dba3fd6-3dee-4393-891f-6773fd77fd20', 'context': [<snowplow_tracker.self_describing_json.SelfDescribingJson object at 0x713e601a71a0>]}
[0m00:28:22.593126 [info ] [Thread-4 (]: 18 of 21 OK created sql table model public_retail_dbt_intermediate.int_sales_enriched  [[32mSELECT 1000[0m in 0.29s]
[0m00:28:22.597012 [debug] [Thread-4 (]: Finished running node model.retail_customer_360.int_sales_enriched
[0m00:28:22.601265 [debug] [Thread-3 (]: Began running node model.retail_customer_360.customer_360
[0m00:28:22.604764 [info ] [Thread-3 (]: 19 of 21 START sql table model public_retail_dbt_mart.customer_360 ............. [RUN]
[0m00:28:22.608152 [debug] [Thread-3 (]: Re-using an available connection from the pool (formerly test.retail_customer_360.unique_stg_customers_customer_id.c7614daada, now model.retail_customer_360.customer_360)
[0m00:28:22.611393 [debug] [Thread-3 (]: Began compiling node model.retail_customer_360.customer_360
[0m00:28:22.616539 [debug] [Thread-3 (]: Writing injected SQL for node "model.retail_customer_360.customer_360"
[0m00:28:22.654815 [debug] [Thread-3 (]: Began executing node model.retail_customer_360.customer_360
[0m00:28:22.662584 [debug] [Thread-3 (]: Writing runtime sql for node "model.retail_customer_360.customer_360"
[0m00:28:22.700558 [debug] [Thread-3 (]: Using postgres connection "model.retail_customer_360.customer_360"
[0m00:28:22.702483 [debug] [Thread-3 (]: On model.retail_customer_360.customer_360: /* {"app": "dbt", "dbt_version": "1.12.5", "profile_name": "retail_customer_360", "target_name": "dev", "node_id": "model.retail_customer_360.customer_360"} */

  
    

  create  table "retaildb"."public_retail_dbt_mart"."customer_360__dbt_tmp"
  
  
    as
  
  (
    with sales as (

    select *
    from "retaildb"."public_retail_dbt_intermediate"."int_sales_enriched"

),

customer_metrics as (

    select
        customer_id,

        max(city) as city,
        max(segment) as segment,
        max(signup_date) as signup_date,

        count(distinct sale_id) as total_purchases,

        sum(quantity) as total_quantity,

        sum(total_line) as total_spent,

        avg(total_line) as average_ticket,

        max(timestamp) as last_purchase_date,

        count(distinct product_id) as unique_products

    from sales

    group by customer_id

)

select
    customer_id,
    city,
    segment,
    signup_date,
    total_purchases,
    total_quantity,
    total_spent,
    average_ticket,
    last_purchase_date,
    unique_products

from customer_metrics
  );
  
[0m00:28:22.705076 [debug] [Thread-3 (]: Opening a new connection, currently in state closed
[0m00:28:22.729530 [debug] [Thread-3 (]: SQL status: SELECT 100 in 0.024 seconds
[0m00:28:22.734979 [debug] [Thread-3 (]: Using postgres connection "model.retail_customer_360.customer_360"
[0m00:28:22.737807 [debug] [Thread-3 (]: On model.retail_customer_360.customer_360: /* {"app": "dbt", "dbt_version": "1.12.5", "profile_name": "retail_customer_360", "target_name": "dev", "node_id": "model.retail_customer_360.customer_360"} */
alter table "retaildb"."public_retail_dbt_mart"."customer_360" rename to "customer_360__dbt_backup"
[0m00:28:22.741071 [debug] [Thread-3 (]: SQL status: ALTER TABLE in 0.001 seconds
[0m00:28:22.747575 [debug] [Thread-3 (]: Using postgres connection "model.retail_customer_360.customer_360"
[0m00:28:22.750024 [debug] [Thread-3 (]: On model.retail_customer_360.customer_360: /* {"app": "dbt", "dbt_version": "1.12.5", "profile_name": "retail_customer_360", "target_name": "dev", "node_id": "model.retail_customer_360.customer_360"} */
alter table "retaildb"."public_retail_dbt_mart"."customer_360__dbt_tmp" rename to "customer_360"
[0m00:28:22.753243 [debug] [Thread-3 (]: SQL status: ALTER TABLE in 0.001 seconds
[0m00:28:22.758890 [debug] [Thread-3 (]: On model.retail_customer_360.customer_360: COMMIT
[0m00:28:22.760693 [debug] [Thread-3 (]: Using postgres connection "model.retail_customer_360.customer_360"
[0m00:28:22.762839 [debug] [Thread-3 (]: On model.retail_customer_360.customer_360: COMMIT
[0m00:28:22.768274 [debug] [Thread-3 (]: SQL status: COMMIT in 0.003 seconds
[0m00:28:22.772445 [debug] [Thread-3 (]: Applying DROP to: "retaildb"."public_retail_dbt_mart"."customer_360__dbt_backup"
[0m00:28:22.774447 [debug] [Thread-3 (]: Using postgres connection "model.retail_customer_360.customer_360"
[0m00:28:22.776362 [debug] [Thread-3 (]: On model.retail_customer_360.customer_360: /* {"app": "dbt", "dbt_version": "1.12.5", "profile_name": "retail_customer_360", "target_name": "dev", "node_id": "model.retail_customer_360.customer_360"} */
drop table if exists "retaildb"."public_retail_dbt_mart"."customer_360__dbt_backup" cascade
[0m00:28:22.783543 [debug] [Thread-3 (]: SQL status: DROP TABLE in 0.005 seconds
[0m00:28:22.787460 [debug] [Thread-3 (]: On model.retail_customer_360.customer_360: Close
[0m00:28:22.790046 [debug] [Thread-3 (]: Sending event: {'category': 'dbt', 'action': 'run_model', 'label': '8dba3fd6-3dee-4393-891f-6773fd77fd20', 'context': [<snowplow_tracker.self_describing_json.SelfDescribingJson object at 0x713e601ab1d0>]}
[0m00:28:22.793114 [info ] [Thread-3 (]: 19 of 21 OK created sql table model public_retail_dbt_mart.customer_360 ........ [[32mSELECT 100[0m in 0.18s]
[0m00:28:22.796247 [debug] [Thread-3 (]: Finished running node model.retail_customer_360.customer_360
[0m00:28:22.799419 [debug] [Thread-1 (]: Began running node test.retail_customer_360.not_null_customer_360_customer_id.b69699741f
[0m00:28:22.800349 [debug] [Thread-4 (]: Began running node test.retail_customer_360.unique_customer_360_customer_id.932555fb9f
[0m00:28:22.802033 [info ] [Thread-1 (]: 20 of 21 START test not_null_customer_360_customer_id .......................... [RUN]
[0m00:28:22.804660 [info ] [Thread-4 (]: 21 of 21 START test unique_customer_360_customer_id ............................ [RUN]
[0m00:28:22.807543 [debug] [Thread-1 (]: Re-using an available connection from the pool (formerly test.retail_customer_360.not_null_stg_customers_customer_id.e2cfb1f9aa, now test.retail_customer_360.not_null_customer_360_customer_id.b69699741f)
[0m00:28:22.810153 [debug] [Thread-4 (]: Re-using an available connection from the pool (formerly model.retail_customer_360.int_sales_enriched, now test.retail_customer_360.unique_customer_360_customer_id.932555fb9f)
[0m00:28:22.812955 [debug] [Thread-1 (]: Began compiling node test.retail_customer_360.not_null_customer_360_customer_id.b69699741f
[0m00:28:22.815737 [debug] [Thread-4 (]: Began compiling node test.retail_customer_360.unique_customer_360_customer_id.932555fb9f
[0m00:28:22.837312 [debug] [Thread-1 (]: Writing injected SQL for node "test.retail_customer_360.not_null_customer_360_customer_id.b69699741f"
[0m00:28:22.843500 [debug] [Thread-4 (]: Writing injected SQL for node "test.retail_customer_360.unique_customer_360_customer_id.932555fb9f"
[0m00:28:22.865231 [debug] [Thread-1 (]: Began executing node test.retail_customer_360.not_null_customer_360_customer_id.b69699741f
[0m00:28:22.869826 [debug] [Thread-1 (]: Writing runtime sql for node "test.retail_customer_360.not_null_customer_360_customer_id.b69699741f"
[0m00:28:22.870822 [debug] [Thread-4 (]: Began executing node test.retail_customer_360.unique_customer_360_customer_id.932555fb9f
[0m00:28:22.878192 [debug] [Thread-4 (]: Writing runtime sql for node "test.retail_customer_360.unique_customer_360_customer_id.932555fb9f"
[0m00:28:22.905484 [debug] [Thread-4 (]: Using postgres connection "test.retail_customer_360.unique_customer_360_customer_id.932555fb9f"
[0m00:28:22.907968 [debug] [Thread-4 (]: On test.retail_customer_360.unique_customer_360_customer_id.932555fb9f: /* {"app": "dbt", "dbt_version": "1.12.5", "profile_name": "retail_customer_360", "target_name": "dev", "node_id": "test.retail_customer_360.unique_customer_360_customer_id.932555fb9f"} */

    
    select
      count(*) as failures,
      count(*) != 0 as should_warn,
      count(*) != 0 as should_error
    from (
      
    
  
    
    

select
    customer_id as unique_field,
    count(*) as n_records

from "retaildb"."public_retail_dbt_mart"."customer_360"
where customer_id is not null
group by customer_id
having count(*) > 1



  
  
      
    ) dbt_internal_test
[0m00:28:22.910061 [debug] [Thread-1 (]: Using postgres connection "test.retail_customer_360.not_null_customer_360_customer_id.b69699741f"
[0m00:28:22.911367 [debug] [Thread-4 (]: Opening a new connection, currently in state closed
[0m00:28:22.914268 [debug] [Thread-1 (]: On test.retail_customer_360.not_null_customer_360_customer_id.b69699741f: /* {"app": "dbt", "dbt_version": "1.12.5", "profile_name": "retail_customer_360", "target_name": "dev", "node_id": "test.retail_customer_360.not_null_customer_360_customer_id.b69699741f"} */

    
    select
      count(*) as failures,
      count(*) != 0 as should_warn,
      count(*) != 0 as should_error
    from (
      
    
  
    
    



select customer_id
from "retaildb"."public_retail_dbt_mart"."customer_360"
where customer_id is null



  
  
      
    ) dbt_internal_test
[0m00:28:22.919354 [debug] [Thread-1 (]: Opening a new connection, currently in state closed
[0m00:28:22.930768 [debug] [Thread-4 (]: SQL status: SELECT 1 in 0.020 seconds
[0m00:28:22.932959 [debug] [Thread-1 (]: SQL status: SELECT 1 in 0.014 seconds
[0m00:28:22.934762 [debug] [Thread-4 (]: On test.retail_customer_360.unique_customer_360_customer_id.932555fb9f: ROLLBACK
[0m00:28:22.937733 [debug] [Thread-1 (]: On test.retail_customer_360.not_null_customer_360_customer_id.b69699741f: ROLLBACK
[0m00:28:22.940173 [debug] [Thread-4 (]: On test.retail_customer_360.unique_customer_360_customer_id.932555fb9f: Close
[0m00:28:22.941734 [debug] [Thread-1 (]: On test.retail_customer_360.not_null_customer_360_customer_id.b69699741f: Close
[0m00:28:22.942875 [info ] [Thread-4 (]: 21 of 21 PASS unique_customer_360_customer_id .................................. [[32mPASS[0m in 0.13s]
[0m00:28:22.944707 [info ] [Thread-1 (]: 20 of 21 PASS not_null_customer_360_customer_id ................................ [[32mPASS[0m in 0.14s]
[0m00:28:22.945833 [debug] [Thread-4 (]: Finished running node test.retail_customer_360.unique_customer_360_customer_id.932555fb9f
[0m00:28:22.948007 [debug] [Thread-1 (]: Finished running node test.retail_customer_360.not_null_customer_360_customer_id.b69699741f
[0m00:28:22.954110 [debug] [MainThread]: On master: COMMIT
[0m00:28:22.956415 [debug] [MainThread]: Using postgres connection "master"
[0m00:28:22.958061 [debug] [MainThread]: On master: COMMIT
[0m00:28:22.960001 [debug] [MainThread]: Opening a new connection, currently in state closed
[0m00:28:22.970263 [debug] [MainThread]: SQL status: COMMIT in 0.010 seconds
[0m00:28:22.972499 [debug] [MainThread]: On master: Close
[0m00:28:22.975595 [debug] [MainThread]: Connection 'master' was properly closed.
[0m00:28:22.977195 [debug] [MainThread]: Connection 'test.retail_customer_360.relationships_stg_sales_customer_id__customer_id__ref_stg_customers_.f88f1dcfca' was properly closed.
[0m00:28:22.979438 [debug] [MainThread]: Connection 'model.retail_customer_360.customer_360' was properly closed.
[0m00:28:22.982007 [debug] [MainThread]: Connection 'test.retail_customer_360.not_null_customer_360_customer_id.b69699741f' was properly closed.
[0m00:28:22.984723 [debug] [MainThread]: Connection 'test.retail_customer_360.unique_customer_360_customer_id.932555fb9f' was properly closed.
[0m00:28:22.987906 [info ] [MainThread]: 
[0m00:28:22.990581 [info ] [MainThread]: Finished running 2 table models, 16 data tests, 3 view models in 0 hours 0 minutes and 2.59 seconds (2.59s).
[0m00:28:22.998288 [debug] [MainThread]: Command end result
[0m00:28:23.238294 [debug] [MainThread]: Wrote artifact WritableManifest to /opt/airflow/project/dbt/target/manifest.json
[0m00:28:23.267419 [debug] [MainThread]: Wrote artifact SemanticManifest to /opt/airflow/project/dbt/target/semantic_manifest.json
[0m00:28:23.296132 [debug] [MainThread]: Wrote artifact OsiDocument to /opt/airflow/project/dbt/target/osi_document.json
[0m00:28:23.337215 [debug] [MainThread]: Wrote artifact RunExecutionResult to /opt/airflow/project/dbt/target/run_results.json
[0m00:28:23.340231 [info ] [MainThread]: 
[0m00:28:23.342976 [info ] [MainThread]: [32mCompleted successfully[0m
[0m00:28:23.345748 [info ] [MainThread]: 
[0m00:28:23.348400 [info ] [MainThread]: Done. PASS=21 WARN=0 ERROR=0 SKIP=0 NO-OP=0 REUSED=0 TOTAL=21
[0m00:28:23.355014 [debug] [MainThread]: Resource report: {"command_name": "build", "command_success": true, "command_wall_clock_time": 5.0838604, "process_in_blocks": "78472", "process_kernel_time": 0.74468, "process_mem_max_rss": "142828", "process_out_blocks": "0", "process_user_time": 4.56926}
[0m00:28:23.357495 [debug] [MainThread]: Command `dbt build` succeeded at 00:28:23.357260 after 5.09 seconds
[0m00:28:23.359806 [debug] [MainThread]: Sending event: {'category': 'dbt', 'action': 'invocation', 'label': 'end', 'context': [<snowplow_tracker.self_describing_json.SelfDescribingJson object at 0x713e6590f410>, <snowplow_tracker.self_describing_json.SelfDescribingJson object at 0x713e65fca0c0>, <snowplow_tracker.self_describing_json.SelfDescribingJson object at 0x713e63793e60>]}
[0m00:28:23.362738 [debug] [MainThread]: Flushing usage events
[0m00:28:24.136570 [debug] [MainThread]: An error was encountered while trying to flush usage events
[0m17:53:23.133839 [debug] [MainThread]: Sending event: {'category': 'dbt', 'action': 'invocation', 'label': 'start', 'context': [<snowplow_tracker.self_describing_json.SelfDescribingJson object at 0x0000024A4A2E12B0>, <snowplow_tracker.self_describing_json.SelfDescribingJson object at 0x0000024A4A2E13D0>, <snowplow_tracker.self_describing_json.SelfDescribingJson object at 0x0000024A4A2E1250>]}


============================== 17:53:23.154156 | abe5c0f8-628e-48a4-9253-b8667577bce2 ==============================
[0m17:53:23.154156 [info ] [MainThread]: Running with dbt=1.12.5
[0m17:53:23.158067 [debug] [MainThread]: running dbt with arguments {'version_check': 'True', 'no_print': 'None', 'maximum_seed_size_mib': '1', 'warn_error_options': 'WarnErrorOptionsV2(error=[], warn=[], silence=[])', 'target_path': 'None', 'static_parser': 'True', 'printer_width': '80', 'write_json': 'True', 'introspect': 'True', 'log_cache_events': 'False', 'empty': 'False', 'cache_selected_only': 'False', 'log_format': 'default', 'debug': 'False', 'fail_fast': 'False', 'profiles_dir': '.', 'send_anonymous_usage_stats': 'True', 'quiet': 'False', 'warn_error': 'None', 'partial_parse': 'True', 'indirect_selection': 'eager', 'hints_enabled': 'True', 'use_colors': 'True', 'use_experimental_parser': 'False', 'invocation_command': 'dbt build --profiles-dir .', 'log_path': 'D:\\IA_pipeline\\dbt\\logs'}
[0m17:53:24.003257 [debug] [MainThread]: Sending event: {'category': 'dbt', 'action': 'project_id', 'label': 'abe5c0f8-628e-48a4-9253-b8667577bce2', 'context': [<snowplow_tracker.self_describing_json.SelfDescribingJson object at 0x0000024A4A2E1310>]}
[0m17:53:24.083704 [debug] [MainThread]: Sending event: {'category': 'dbt', 'action': 'adapter_info', 'label': 'abe5c0f8-628e-48a4-9253-b8667577bce2', 'context': [<snowplow_tracker.self_describing_json.SelfDescribingJson object at 0x0000024A4A49C860>]}
[0m17:53:24.087325 [info ] [MainThread]: Registered adapter: postgres=1.11.0
[0m17:53:24.749438 [debug] [MainThread]: checksum: 3db23d57cd09ab1a9e15a438d4d01baa18a6a27a21ab3bb0922b9bb515105a76, vars: {}, profile: retail_customer_360, target: dev, version: 1.12.5
[0m17:53:24.922144 [info ] [MainThread]: Unable to do partial parsing because profile has changed
[0m17:53:24.923156 [debug] [MainThread]: Sending event: {'category': 'dbt', 'action': 'partial_parser', 'label': 'abe5c0f8-628e-48a4-9253-b8667577bce2', 'context': [<snowplow_tracker.self_describing_json.SelfDescribingJson object at 0x0000024A4AE23920>]}
[0m17:53:26.652033 [debug] [MainThread]: Sending event: {'category': 'dbt', 'action': 'load_project', 'label': 'abe5c0f8-628e-48a4-9253-b8667577bce2', 'context': [<snowplow_tracker.self_describing_json.SelfDescribingJson object at 0x0000024A4B018590>]}
[0m17:53:26.757147 [debug] [MainThread]: Wrote artifact WritableManifest to D:\IA_pipeline\dbt\target\manifest.json
[0m17:53:26.762687 [debug] [MainThread]: Wrote artifact SemanticManifest to D:\IA_pipeline\dbt\target\semantic_manifest.json
[0m17:53:26.835358 [debug] [MainThread]: Wrote artifact OsiDocument to D:\IA_pipeline\dbt\target\osi_document.json
[0m17:53:26.891834 [debug] [MainThread]: Sending event: {'category': 'dbt', 'action': 'resource_counts', 'label': 'abe5c0f8-628e-48a4-9253-b8667577bce2', 'context': [<snowplow_tracker.self_describing_json.SelfDescribingJson object at 0x0000024A4B29BFB0>]}
[0m17:53:26.891834 [info ] [MainThread]: Found 5 models, 16 data tests, 477 macros
[0m17:53:26.896393 [info ] [MainThread]: 
[0m17:53:26.897394 [info ] [MainThread]: Concurrency: 4 threads (target='dev')
[0m17:53:26.897394 [info ] [MainThread]: 
[0m17:53:26.898386 [debug] [MainThread]: Acquiring new postgres connection 'master'
[0m17:53:26.904925 [debug] [ThreadPool]: Acquiring new postgres connection 'list_retaildb'
[0m17:53:26.916816 [debug] [ThreadPool]: Acquiring new postgres connection 'list_retaildb'
[0m17:53:26.919828 [debug] [ThreadPool]: Acquiring new postgres connection 'list_retaildb'
[0m17:53:27.341033 [debug] [ThreadPool]: Using postgres connection "list_retaildb"
[0m17:53:27.341552 [debug] [ThreadPool]: Using postgres connection "list_retaildb"
[0m17:53:27.341552 [debug] [ThreadPool]: Using postgres connection "list_retaildb"
[0m17:53:27.342569 [debug] [ThreadPool]: On list_retaildb: /* {"app": "dbt", "dbt_version": "1.12.5", "profile_name": "retail_customer_360", "target_name": "dev", "connection_name": "list_retaildb"} */

    select distinct nspname from pg_namespace
  
[0m17:53:27.342569 [debug] [ThreadPool]: On list_retaildb: /* {"app": "dbt", "dbt_version": "1.12.5", "profile_name": "retail_customer_360", "target_name": "dev", "connection_name": "list_retaildb"} */

    select distinct nspname from pg_namespace
  
[0m17:53:27.343569 [debug] [ThreadPool]: On list_retaildb: /* {"app": "dbt", "dbt_version": "1.12.5", "profile_name": "retail_customer_360", "target_name": "dev", "connection_name": "list_retaildb"} */

    select distinct nspname from pg_namespace
  
[0m17:53:27.343569 [debug] [ThreadPool]: Opening a new connection, currently in state init
[0m17:53:27.343569 [debug] [ThreadPool]: Opening a new connection, currently in state init
[0m17:53:27.345078 [debug] [ThreadPool]: Opening a new connection, currently in state init
[0m17:53:27.389768 [debug] [ThreadPool]: SQL status: SELECT 10 in 0.046 seconds
[0m17:53:27.390841 [debug] [ThreadPool]: SQL status: SELECT 10 in 0.047 seconds
[0m17:53:27.392859 [debug] [ThreadPool]: On list_retaildb: Close
[0m17:53:27.392859 [debug] [ThreadPool]: SQL status: SELECT 10 in 0.048 seconds
[0m17:53:27.394858 [debug] [ThreadPool]: On list_retaildb: Close
[0m17:53:27.396868 [debug] [ThreadPool]: On list_retaildb: Close
[0m17:53:27.401999 [debug] [ThreadPool]: Acquiring new postgres connection 'list_retaildb_public_retail_dbt_intermediate'
[0m17:53:27.409003 [debug] [ThreadPool]: Acquiring new postgres connection 'list_retaildb_public_retail_dbt_mart'
[0m17:53:27.411510 [debug] [ThreadPool]: Using postgres connection "list_retaildb_public_retail_dbt_intermediate"
[0m17:53:27.412526 [debug] [ThreadPool]: Using postgres connection "list_retaildb_public_retail_dbt_mart"
[0m17:53:27.413534 [debug] [ThreadPool]: Acquiring new postgres connection 'list_retaildb_public_retail_dbt_staging'
[0m17:53:27.413534 [debug] [ThreadPool]: On list_retaildb_public_retail_dbt_intermediate: /* {"app": "dbt", "dbt_version": "1.12.5", "profile_name": "retail_customer_360", "target_name": "dev", "connection_name": "list_retaildb_public_retail_dbt_intermediate"} */
select
      'retaildb' as database,
      tablename as name,
      schemaname as schema,
      'table' as type
    from pg_tables
    where schemaname ilike 'public_retail_dbt_intermediate'
    union all
    select
      'retaildb' as database,
      viewname as name,
      schemaname as schema,
      'view' as type
    from pg_views
    where schemaname ilike 'public_retail_dbt_intermediate'
    union all
    select
      'retaildb' as database,
      matviewname as name,
      schemaname as schema,
      'materialized_view' as type
    from pg_matviews
    where schemaname ilike 'public_retail_dbt_intermediate'
    union all
    select distinct
     'retaildb' as database,
     proname as name,
     ns.nspname as schema,
     'function' as type
    from pg_proc
     join pg_namespace as ns on pronamespace = ns.oid
    where ns.nspname ilike 'public_retail_dbt_intermediate'
  
[0m17:53:27.415045 [debug] [ThreadPool]: On list_retaildb_public_retail_dbt_mart: /* {"app": "dbt", "dbt_version": "1.12.5", "profile_name": "retail_customer_360", "target_name": "dev", "connection_name": "list_retaildb_public_retail_dbt_mart"} */
select
      'retaildb' as database,
      tablename as name,
      schemaname as schema,
      'table' as type
    from pg_tables
    where schemaname ilike 'public_retail_dbt_mart'
    union all
    select
      'retaildb' as database,
      viewname as name,
      schemaname as schema,
      'view' as type
    from pg_views
    where schemaname ilike 'public_retail_dbt_mart'
    union all
    select
      'retaildb' as database,
      matviewname as name,
      schemaname as schema,
      'materialized_view' as type
    from pg_matviews
    where schemaname ilike 'public_retail_dbt_mart'
    union all
    select distinct
     'retaildb' as database,
     proname as name,
     ns.nspname as schema,
     'function' as type
    from pg_proc
     join pg_namespace as ns on pronamespace = ns.oid
    where ns.nspname ilike 'public_retail_dbt_mart'
  
[0m17:53:27.416571 [debug] [ThreadPool]: Using postgres connection "list_retaildb_public_retail_dbt_staging"
[0m17:53:27.417622 [debug] [ThreadPool]: Opening a new connection, currently in state init
[0m17:53:27.417622 [debug] [ThreadPool]: Opening a new connection, currently in state init
[0m17:53:27.417622 [debug] [ThreadPool]: On list_retaildb_public_retail_dbt_staging: /* {"app": "dbt", "dbt_version": "1.12.5", "profile_name": "retail_customer_360", "target_name": "dev", "connection_name": "list_retaildb_public_retail_dbt_staging"} */
select
      'retaildb' as database,
      tablename as name,
      schemaname as schema,
      'table' as type
    from pg_tables
    where schemaname ilike 'public_retail_dbt_staging'
    union all
    select
      'retaildb' as database,
      viewname as name,
      schemaname as schema,
      'view' as type
    from pg_views
    where schemaname ilike 'public_retail_dbt_staging'
    union all
    select
      'retaildb' as database,
      matviewname as name,
      schemaname as schema,
      'materialized_view' as type
    from pg_matviews
    where schemaname ilike 'public_retail_dbt_staging'
    union all
    select distinct
     'retaildb' as database,
     proname as name,
     ns.nspname as schema,
     'function' as type
    from pg_proc
     join pg_namespace as ns on pronamespace = ns.oid
    where ns.nspname ilike 'public_retail_dbt_staging'
  
[0m17:53:27.419186 [debug] [ThreadPool]: Opening a new connection, currently in state init
[0m17:53:27.463401 [debug] [ThreadPool]: SQL status: SELECT 1 in 0.045 seconds
[0m17:53:27.463401 [debug] [ThreadPool]: SQL status: SELECT 1 in 0.046 seconds
[0m17:53:27.463401 [debug] [ThreadPool]: SQL status: SELECT 3 in 0.045 seconds
[0m17:53:27.465924 [debug] [ThreadPool]: On list_retaildb_public_retail_dbt_mart: ROLLBACK
[0m17:53:27.466922 [debug] [ThreadPool]: On list_retaildb_public_retail_dbt_intermediate: ROLLBACK
[0m17:53:27.468922 [debug] [ThreadPool]: On list_retaildb_public_retail_dbt_staging: ROLLBACK
[0m17:53:27.470923 [debug] [ThreadPool]: On list_retaildb_public_retail_dbt_staging: Close
[0m17:53:27.471439 [debug] [ThreadPool]: On list_retaildb_public_retail_dbt_mart: Close
[0m17:53:27.471439 [debug] [ThreadPool]: On list_retaildb_public_retail_dbt_intermediate: Close
[0m17:53:27.478993 [debug] [MainThread]: Using postgres connection "master"
[0m17:53:27.481526 [debug] [MainThread]: On master: /* {"app": "dbt", "dbt_version": "1.12.5", "profile_name": "retail_customer_360", "target_name": "dev", "connection_name": "master"} */
select distinct
        dependent_namespace.nspname as dependent_schema,
        dependent_class.relname as dependent_name,
        referenced_namespace.nspname as referenced_schema,
        referenced_class.relname as referenced_name

    -- Query for views: views are entries in pg_class with an entry in pg_rewrite, but we avoid
    -- a seq scan on pg_rewrite by leveraging the fact there is an "internal" row in pg_depend for
    -- the view...
    from pg_class as dependent_class
    join pg_namespace as dependent_namespace on dependent_namespace.oid = dependent_class.relnamespace
    join pg_depend as dependent_depend on dependent_depend.refobjid = dependent_class.oid
        and dependent_depend.classid = 'pg_rewrite'::regclass
        and dependent_depend.refclassid = 'pg_class'::regclass
        and dependent_depend.deptype = 'i'

    -- ... and via pg_depend (that has a row per column, hence the need for "distinct" above, and
    -- making sure to exclude the internal row to avoid a view appearing to depend on itself)...
    join pg_depend as joining_depend on joining_depend.objid = dependent_depend.objid
        and joining_depend.classid = 'pg_rewrite'::regclass
        and joining_depend.refclassid = 'pg_class'::regclass
        and joining_depend.refobjid != dependent_depend.refobjid

    -- ... we can find the tables they query from in pg_class, but excluding system tables. Note we
    -- don't need need to exclude _dependent_ system tables, because they only query from other
    -- system tables, and so are automatically excluded by excluding _referenced_ system tables
    join pg_class as referenced_class on referenced_class.oid = joining_depend.refobjid
    join pg_namespace as referenced_namespace on referenced_namespace.oid = referenced_class.relnamespace
        and referenced_namespace.nspname != 'information_schema'
        and referenced_namespace.nspname not like 'pg\_%'

    order by
        dependent_schema, dependent_name, referenced_schema, referenced_name;
[0m17:53:27.481526 [debug] [MainThread]: Opening a new connection, currently in state init
[0m17:53:27.521291 [debug] [MainThread]: SQL status: SELECT 3 in 0.039 seconds
[0m17:53:27.522328 [debug] [MainThread]: Sending event: {'category': 'dbt', 'action': 'runnable_timing', 'label': 'abe5c0f8-628e-48a4-9253-b8667577bce2', 'context': [<snowplow_tracker.self_describing_json.SelfDescribingJson object at 0x0000024A45C4DD30>]}
[0m17:53:27.523315 [debug] [MainThread]: On master: ROLLBACK
[0m17:53:27.524309 [debug] [MainThread]: On master: COMMIT
[0m17:53:27.525320 [debug] [MainThread]: Using postgres connection "master"
[0m17:53:27.525320 [debug] [MainThread]: On master: COMMIT
[0m17:53:27.527313 [debug] [MainThread]: SQL status: COMMIT in 0.001 seconds
[0m17:53:27.528312 [debug] [MainThread]: On master: Close
[0m17:53:27.538104 [debug] [Thread-1 (]: Began running node model.retail_customer_360.stg_customers
[0m17:53:27.538104 [debug] [Thread-2 (]: Began running node model.retail_customer_360.stg_products
[0m17:53:27.539106 [debug] [Thread-3 (]: Began running node model.retail_customer_360.stg_sales
[0m17:53:27.540099 [info ] [Thread-1 (]: 1 of 21 START sql view model public_retail_dbt_staging.stg_customers ........... [RUN]
[0m17:53:27.541098 [info ] [Thread-2 (]: 2 of 21 START sql view model public_retail_dbt_staging.stg_products ............ [RUN]
[0m17:53:27.542621 [debug] [Thread-1 (]: Acquiring new postgres connection 'model.retail_customer_360.stg_customers'
[0m17:53:27.541607 [info ] [Thread-3 (]: 3 of 21 START sql view model public_retail_dbt_staging.stg_sales ............... [RUN]
[0m17:53:27.543626 [debug] [Thread-2 (]: Acquiring new postgres connection 'model.retail_customer_360.stg_products'
[0m17:53:27.543626 [debug] [Thread-1 (]: Began compiling node model.retail_customer_360.stg_customers
[0m17:53:27.545136 [debug] [Thread-3 (]: Acquiring new postgres connection 'model.retail_customer_360.stg_sales'
[0m17:53:27.546480 [debug] [Thread-2 (]: Began compiling node model.retail_customer_360.stg_products
[0m17:53:27.555867 [debug] [Thread-1 (]: Writing injected SQL for node "model.retail_customer_360.stg_customers"
[0m17:53:27.556870 [debug] [Thread-3 (]: Began compiling node model.retail_customer_360.stg_sales
[0m17:53:27.557881 [debug] [Thread-2 (]: Writing injected SQL for node "model.retail_customer_360.stg_products"
[0m17:53:27.559883 [debug] [Thread-3 (]: Writing injected SQL for node "model.retail_customer_360.stg_sales"
[0m17:53:27.562012 [debug] [Thread-1 (]: Began executing node model.retail_customer_360.stg_customers
[0m17:53:27.562012 [debug] [Thread-3 (]: Began executing node model.retail_customer_360.stg_sales
[0m17:53:27.563064 [debug] [Thread-2 (]: Began executing node model.retail_customer_360.stg_products
[0m17:53:27.615741 [debug] [Thread-1 (]: Writing runtime sql for node "model.retail_customer_360.stg_customers"
[0m17:53:27.619091 [debug] [Thread-3 (]: Writing runtime sql for node "model.retail_customer_360.stg_sales"
[0m17:53:27.622188 [debug] [Thread-2 (]: Writing runtime sql for node "model.retail_customer_360.stg_products"
[0m17:53:27.625705 [debug] [Thread-1 (]: Using postgres connection "model.retail_customer_360.stg_customers"
[0m17:53:27.626479 [debug] [Thread-3 (]: Using postgres connection "model.retail_customer_360.stg_sales"
[0m17:53:27.627495 [debug] [Thread-1 (]: On model.retail_customer_360.stg_customers: /* {"app": "dbt", "dbt_version": "1.12.5", "profile_name": "retail_customer_360", "target_name": "dev", "node_id": "model.retail_customer_360.stg_customers"} */

  create view "retaildb"."public_retail_dbt_staging"."stg_customers__dbt_tmp"
    
    
  as (
    select
    customer_id,
    signup_date,
    city,
    segment
from retail_staging.customers
  );
[0m17:53:27.627495 [debug] [Thread-2 (]: Using postgres connection "model.retail_customer_360.stg_products"
[0m17:53:27.627495 [debug] [Thread-3 (]: On model.retail_customer_360.stg_sales: /* {"app": "dbt", "dbt_version": "1.12.5", "profile_name": "retail_customer_360", "target_name": "dev", "node_id": "model.retail_customer_360.stg_sales"} */

  create view "retaildb"."public_retail_dbt_staging"."stg_sales__dbt_tmp"
    
    
  as (
    select
    sale_id,
    customer_id,
    product_id,
    timestamp,
    quantity,
    unit_price
from retail_staging.sales
  );
[0m17:53:27.629014 [debug] [Thread-1 (]: Opening a new connection, currently in state init
[0m17:53:27.629824 [debug] [Thread-2 (]: On model.retail_customer_360.stg_products: /* {"app": "dbt", "dbt_version": "1.12.5", "profile_name": "retail_customer_360", "target_name": "dev", "node_id": "model.retail_customer_360.stg_products"} */

  create view "retaildb"."public_retail_dbt_staging"."stg_products__dbt_tmp"
    
    
  as (
    select
    product_id,
    category,
    brand,
    description,
    price
from retail_staging.products
  );
[0m17:53:27.630334 [debug] [Thread-3 (]: Opening a new connection, currently in state init
[0m17:53:27.630869 [debug] [Thread-2 (]: Opening a new connection, currently in state init
[0m17:53:27.678198 [debug] [Thread-1 (]: SQL status: CREATE VIEW in 0.049 seconds
[0m17:53:27.679197 [debug] [Thread-2 (]: SQL status: CREATE VIEW in 0.048 seconds
[0m17:53:27.686306 [debug] [Thread-1 (]: Using postgres connection "model.retail_customer_360.stg_customers"
[0m17:53:27.687299 [debug] [Thread-3 (]: SQL status: CREATE VIEW in 0.057 seconds
[0m17:53:27.689963 [debug] [Thread-2 (]: Using postgres connection "model.retail_customer_360.stg_products"
[0m17:53:27.690959 [debug] [Thread-1 (]: On model.retail_customer_360.stg_customers: /* {"app": "dbt", "dbt_version": "1.12.5", "profile_name": "retail_customer_360", "target_name": "dev", "node_id": "model.retail_customer_360.stg_customers"} */
alter table "retaildb"."public_retail_dbt_staging"."stg_customers" rename to "stg_customers__dbt_backup"
[0m17:53:27.693505 [debug] [Thread-3 (]: Using postgres connection "model.retail_customer_360.stg_sales"
[0m17:53:27.695013 [debug] [Thread-2 (]: On model.retail_customer_360.stg_products: /* {"app": "dbt", "dbt_version": "1.12.5", "profile_name": "retail_customer_360", "target_name": "dev", "node_id": "model.retail_customer_360.stg_products"} */
alter table "retaildb"."public_retail_dbt_staging"."stg_products" rename to "stg_products__dbt_backup"
[0m17:53:27.695013 [debug] [Thread-3 (]: On model.retail_customer_360.stg_sales: /* {"app": "dbt", "dbt_version": "1.12.5", "profile_name": "retail_customer_360", "target_name": "dev", "node_id": "model.retail_customer_360.stg_sales"} */
alter table "retaildb"."public_retail_dbt_staging"."stg_sales" rename to "stg_sales__dbt_backup"
[0m17:53:27.699031 [debug] [Thread-2 (]: SQL status: ALTER TABLE in 0.003 seconds
[0m17:53:27.700028 [debug] [Thread-1 (]: SQL status: ALTER TABLE in 0.005 seconds
[0m17:53:27.701022 [debug] [Thread-3 (]: SQL status: ALTER TABLE in 0.005 seconds
[0m17:53:27.703543 [debug] [Thread-2 (]: Using postgres connection "model.retail_customer_360.stg_products"
[0m17:53:27.706061 [debug] [Thread-1 (]: Using postgres connection "model.retail_customer_360.stg_customers"
[0m17:53:27.708060 [debug] [Thread-3 (]: Using postgres connection "model.retail_customer_360.stg_sales"
[0m17:53:27.709059 [debug] [Thread-2 (]: On model.retail_customer_360.stg_products: /* {"app": "dbt", "dbt_version": "1.12.5", "profile_name": "retail_customer_360", "target_name": "dev", "node_id": "model.retail_customer_360.stg_products"} */
alter table "retaildb"."public_retail_dbt_staging"."stg_products__dbt_tmp" rename to "stg_products"
[0m17:53:27.710062 [debug] [Thread-1 (]: On model.retail_customer_360.stg_customers: /* {"app": "dbt", "dbt_version": "1.12.5", "profile_name": "retail_customer_360", "target_name": "dev", "node_id": "model.retail_customer_360.stg_customers"} */
alter table "retaildb"."public_retail_dbt_staging"."stg_customers__dbt_tmp" rename to "stg_customers"
[0m17:53:27.710062 [debug] [Thread-3 (]: On model.retail_customer_360.stg_sales: /* {"app": "dbt", "dbt_version": "1.12.5", "profile_name": "retail_customer_360", "target_name": "dev", "node_id": "model.retail_customer_360.stg_sales"} */
alter table "retaildb"."public_retail_dbt_staging"."stg_sales__dbt_tmp" rename to "stg_sales"
[0m17:53:27.712575 [debug] [Thread-1 (]: SQL status: ALTER TABLE in 0.002 seconds
[0m17:53:27.713576 [debug] [Thread-2 (]: SQL status: ALTER TABLE in 0.002 seconds
[0m17:53:27.713576 [debug] [Thread-3 (]: SQL status: ALTER TABLE in 0.003 seconds
[0m17:53:27.741836 [debug] [Thread-2 (]: On model.retail_customer_360.stg_products: COMMIT
[0m17:53:27.745833 [debug] [Thread-1 (]: On model.retail_customer_360.stg_customers: COMMIT
[0m17:53:27.748834 [debug] [Thread-3 (]: On model.retail_customer_360.stg_sales: COMMIT
[0m17:53:27.748834 [debug] [Thread-2 (]: Using postgres connection "model.retail_customer_360.stg_products"
[0m17:53:27.749838 [debug] [Thread-1 (]: Using postgres connection "model.retail_customer_360.stg_customers"
[0m17:53:27.749838 [debug] [Thread-3 (]: Using postgres connection "model.retail_customer_360.stg_sales"
[0m17:53:27.750832 [debug] [Thread-2 (]: On model.retail_customer_360.stg_products: COMMIT
[0m17:53:27.750832 [debug] [Thread-1 (]: On model.retail_customer_360.stg_customers: COMMIT
[0m17:53:27.752226 [debug] [Thread-3 (]: On model.retail_customer_360.stg_sales: COMMIT
[0m17:53:27.755217 [debug] [Thread-2 (]: SQL status: COMMIT in 0.002 seconds
[0m17:53:27.755217 [debug] [Thread-1 (]: SQL status: COMMIT in 0.003 seconds
[0m17:53:27.761775 [debug] [Thread-2 (]: Applying DROP to: "retaildb"."public_retail_dbt_staging"."stg_products__dbt_backup"
[0m17:53:27.762789 [debug] [Thread-3 (]: SQL status: COMMIT in 0.010 seconds
[0m17:53:27.763790 [debug] [Thread-1 (]: Applying DROP to: "retaildb"."public_retail_dbt_staging"."stg_customers__dbt_backup"
[0m17:53:27.770848 [debug] [Thread-2 (]: Using postgres connection "model.retail_customer_360.stg_products"
[0m17:53:27.772864 [debug] [Thread-3 (]: Applying DROP to: "retaildb"."public_retail_dbt_staging"."stg_sales__dbt_backup"
[0m17:53:27.774881 [debug] [Thread-1 (]: Using postgres connection "model.retail_customer_360.stg_customers"
[0m17:53:27.774881 [debug] [Thread-2 (]: On model.retail_customer_360.stg_products: /* {"app": "dbt", "dbt_version": "1.12.5", "profile_name": "retail_customer_360", "target_name": "dev", "node_id": "model.retail_customer_360.stg_products"} */
drop view if exists "retaildb"."public_retail_dbt_staging"."stg_products__dbt_backup" cascade
[0m17:53:27.775873 [debug] [Thread-3 (]: Using postgres connection "model.retail_customer_360.stg_sales"
[0m17:53:27.776873 [debug] [Thread-1 (]: On model.retail_customer_360.stg_customers: /* {"app": "dbt", "dbt_version": "1.12.5", "profile_name": "retail_customer_360", "target_name": "dev", "node_id": "model.retail_customer_360.stg_customers"} */
drop view if exists "retaildb"."public_retail_dbt_staging"."stg_customers__dbt_backup" cascade
[0m17:53:27.776873 [debug] [Thread-3 (]: On model.retail_customer_360.stg_sales: /* {"app": "dbt", "dbt_version": "1.12.5", "profile_name": "retail_customer_360", "target_name": "dev", "node_id": "model.retail_customer_360.stg_sales"} */
drop view if exists "retaildb"."public_retail_dbt_staging"."stg_sales__dbt_backup" cascade
[0m17:53:27.787622 [debug] [Thread-3 (]: SQL status: DROP VIEW in 0.010 seconds
[0m17:53:27.791160 [debug] [Thread-3 (]: On model.retail_customer_360.stg_sales: Close
[0m17:53:27.792172 [debug] [Thread-1 (]: SQL status: DROP VIEW in 0.014 seconds
[0m17:53:27.792172 [debug] [Thread-2 (]: SQL status: DROP VIEW in 0.015 seconds
[0m17:53:27.796598 [debug] [Thread-1 (]: On model.retail_customer_360.stg_customers: Close
[0m17:53:27.798652 [debug] [Thread-2 (]: On model.retail_customer_360.stg_products: Close
[0m17:53:27.801141 [debug] [Thread-3 (]: Sending event: {'category': 'dbt', 'action': 'run_model', 'label': 'abe5c0f8-628e-48a4-9253-b8667577bce2', 'context': [<snowplow_tracker.self_describing_json.SelfDescribingJson object at 0x0000024A4B640200>]}
[0m17:53:27.802208 [debug] [Thread-1 (]: Sending event: {'category': 'dbt', 'action': 'run_model', 'label': 'abe5c0f8-628e-48a4-9253-b8667577bce2', 'context': [<snowplow_tracker.self_describing_json.SelfDescribingJson object at 0x0000024A4B6AA240>]}
[0m17:53:27.803213 [debug] [Thread-2 (]: Sending event: {'category': 'dbt', 'action': 'run_model', 'label': 'abe5c0f8-628e-48a4-9253-b8667577bce2', 'context': [<snowplow_tracker.self_describing_json.SelfDescribingJson object at 0x0000024A4B25EE10>]}
[0m17:53:27.804209 [info ] [Thread-3 (]: 3 of 21 OK created sql view model public_retail_dbt_staging.stg_sales .......... [[32mCREATE VIEW[0m in 0.25s]
[0m17:53:27.805211 [info ] [Thread-1 (]: 1 of 21 OK created sql view model public_retail_dbt_staging.stg_customers ...... [[32mCREATE VIEW[0m in 0.26s]
[0m17:53:27.807216 [debug] [Thread-3 (]: Finished running node model.retail_customer_360.stg_sales
[0m17:53:27.806209 [info ] [Thread-2 (]: 2 of 21 OK created sql view model public_retail_dbt_staging.stg_products ....... [[32mCREATE VIEW[0m in 0.26s]
[0m17:53:27.808209 [debug] [Thread-1 (]: Finished running node model.retail_customer_360.stg_customers
[0m17:53:27.809211 [debug] [Thread-2 (]: Finished running node model.retail_customer_360.stg_products
[0m17:53:27.810208 [debug] [Thread-4 (]: Began running node test.retail_customer_360.not_null_stg_sales_customer_id.af88ce3793
[0m17:53:27.810208 [debug] [Thread-1 (]: Began running node test.retail_customer_360.not_null_stg_sales_product_id.f0a6c99276
[0m17:53:27.811213 [debug] [Thread-3 (]: Began running node test.retail_customer_360.not_null_stg_sales_quantity.0198ea4c12
[0m17:53:27.812456 [debug] [Thread-2 (]: Began running node test.retail_customer_360.not_null_stg_sales_sale_id.6b07c53929
[0m17:53:27.813444 [info ] [Thread-4 (]: 4 of 21 START test not_null_stg_sales_customer_id .............................. [RUN]
[0m17:53:27.815471 [info ] [Thread-1 (]: 5 of 21 START test not_null_stg_sales_product_id ............................... [RUN]
[0m17:53:27.816494 [info ] [Thread-3 (]: 6 of 21 START test not_null_stg_sales_quantity ................................. [RUN]
[0m17:53:27.819591 [debug] [Thread-4 (]: Acquiring new postgres connection 'test.retail_customer_360.not_null_stg_sales_customer_id.af88ce3793'
[0m17:53:27.817493 [info ] [Thread-2 (]: 7 of 21 START test not_null_stg_sales_sale_id .................................. [RUN]
[0m17:53:27.821101 [debug] [Thread-1 (]: Re-using an available connection from the pool (formerly model.retail_customer_360.stg_customers, now test.retail_customer_360.not_null_stg_sales_product_id.f0a6c99276)
[0m17:53:27.822113 [debug] [Thread-3 (]: Re-using an available connection from the pool (formerly model.retail_customer_360.stg_sales, now test.retail_customer_360.not_null_stg_sales_quantity.0198ea4c12)
[0m17:53:27.823113 [debug] [Thread-4 (]: Began compiling node test.retail_customer_360.not_null_stg_sales_customer_id.af88ce3793
[0m17:53:27.824121 [debug] [Thread-2 (]: Re-using an available connection from the pool (formerly model.retail_customer_360.stg_products, now test.retail_customer_360.not_null_stg_sales_sale_id.6b07c53929)
[0m17:53:27.824121 [debug] [Thread-1 (]: Began compiling node test.retail_customer_360.not_null_stg_sales_product_id.f0a6c99276
[0m17:53:27.825112 [debug] [Thread-3 (]: Began compiling node test.retail_customer_360.not_null_stg_sales_quantity.0198ea4c12
[0m17:53:27.841046 [debug] [Thread-4 (]: Writing injected SQL for node "test.retail_customer_360.not_null_stg_sales_customer_id.af88ce3793"
[0m17:53:27.841046 [debug] [Thread-2 (]: Began compiling node test.retail_customer_360.not_null_stg_sales_sale_id.6b07c53929
[0m17:53:27.849387 [debug] [Thread-1 (]: Writing injected SQL for node "test.retail_customer_360.not_null_stg_sales_product_id.f0a6c99276"
[0m17:53:27.856960 [debug] [Thread-3 (]: Writing injected SQL for node "test.retail_customer_360.not_null_stg_sales_quantity.0198ea4c12"
[0m17:53:27.863569 [debug] [Thread-2 (]: Writing injected SQL for node "test.retail_customer_360.not_null_stg_sales_sale_id.6b07c53929"
[0m17:53:27.866168 [debug] [Thread-4 (]: Began executing node test.retail_customer_360.not_null_stg_sales_customer_id.af88ce3793
[0m17:53:27.886132 [debug] [Thread-4 (]: Writing runtime sql for node "test.retail_customer_360.not_null_stg_sales_customer_id.af88ce3793"
[0m17:53:27.887143 [debug] [Thread-1 (]: Began executing node test.retail_customer_360.not_null_stg_sales_product_id.f0a6c99276
[0m17:53:27.889142 [debug] [Thread-1 (]: Writing runtime sql for node "test.retail_customer_360.not_null_stg_sales_product_id.f0a6c99276"
[0m17:53:27.890150 [debug] [Thread-3 (]: Began executing node test.retail_customer_360.not_null_stg_sales_quantity.0198ea4c12
[0m17:53:27.891617 [debug] [Thread-3 (]: Writing runtime sql for node "test.retail_customer_360.not_null_stg_sales_quantity.0198ea4c12"
[0m17:53:27.892715 [debug] [Thread-4 (]: Using postgres connection "test.retail_customer_360.not_null_stg_sales_customer_id.af88ce3793"
[0m17:53:27.893718 [debug] [Thread-2 (]: Began executing node test.retail_customer_360.not_null_stg_sales_sale_id.6b07c53929
[0m17:53:27.893718 [debug] [Thread-4 (]: On test.retail_customer_360.not_null_stg_sales_customer_id.af88ce3793: /* {"app": "dbt", "dbt_version": "1.12.5", "profile_name": "retail_customer_360", "target_name": "dev", "node_id": "test.retail_customer_360.not_null_stg_sales_customer_id.af88ce3793"} */

    
    select
      count(*) as failures,
      count(*) != 0 as should_warn,
      count(*) != 0 as should_error
    from (
      
    
  
    
    



select customer_id
from "retaildb"."public_retail_dbt_staging"."stg_sales"
where customer_id is null



  
  
      
    ) dbt_internal_test
[0m17:53:27.896383 [debug] [Thread-2 (]: Writing runtime sql for node "test.retail_customer_360.not_null_stg_sales_sale_id.6b07c53929"
[0m17:53:27.896383 [debug] [Thread-4 (]: Opening a new connection, currently in state init
[0m17:53:27.897392 [debug] [Thread-1 (]: Using postgres connection "test.retail_customer_360.not_null_stg_sales_product_id.f0a6c99276"
[0m17:53:27.898361 [debug] [Thread-1 (]: On test.retail_customer_360.not_null_stg_sales_product_id.f0a6c99276: /* {"app": "dbt", "dbt_version": "1.12.5", "profile_name": "retail_customer_360", "target_name": "dev", "node_id": "test.retail_customer_360.not_null_stg_sales_product_id.f0a6c99276"} */

    
    select
      count(*) as failures,
      count(*) != 0 as should_warn,
      count(*) != 0 as should_error
    from (
      
    
  
    
    



select product_id
from "retaildb"."public_retail_dbt_staging"."stg_sales"
where product_id is null



  
  
      
    ) dbt_internal_test
[0m17:53:27.899351 [debug] [Thread-3 (]: Using postgres connection "test.retail_customer_360.not_null_stg_sales_quantity.0198ea4c12"
[0m17:53:27.899351 [debug] [Thread-1 (]: Opening a new connection, currently in state closed
[0m17:53:27.899351 [debug] [Thread-2 (]: Using postgres connection "test.retail_customer_360.not_null_stg_sales_sale_id.6b07c53929"
[0m17:53:27.900901 [debug] [Thread-3 (]: On test.retail_customer_360.not_null_stg_sales_quantity.0198ea4c12: /* {"app": "dbt", "dbt_version": "1.12.5", "profile_name": "retail_customer_360", "target_name": "dev", "node_id": "test.retail_customer_360.not_null_stg_sales_quantity.0198ea4c12"} */

    
    select
      count(*) as failures,
      count(*) != 0 as should_warn,
      count(*) != 0 as should_error
    from (
      
    
  
    
    



select quantity
from "retaildb"."public_retail_dbt_staging"."stg_sales"
where quantity is null



  
  
      
    ) dbt_internal_test
[0m17:53:27.901913 [debug] [Thread-2 (]: On test.retail_customer_360.not_null_stg_sales_sale_id.6b07c53929: /* {"app": "dbt", "dbt_version": "1.12.5", "profile_name": "retail_customer_360", "target_name": "dev", "node_id": "test.retail_customer_360.not_null_stg_sales_sale_id.6b07c53929"} */

    
    select
      count(*) as failures,
      count(*) != 0 as should_warn,
      count(*) != 0 as should_error
    from (
      
    
  
    
    



select sale_id
from "retaildb"."public_retail_dbt_staging"."stg_sales"
where sale_id is null



  
  
      
    ) dbt_internal_test
[0m17:53:27.901913 [debug] [Thread-3 (]: Opening a new connection, currently in state closed
[0m17:53:27.902915 [debug] [Thread-2 (]: Opening a new connection, currently in state closed
[0m17:53:27.926266 [debug] [Thread-2 (]: SQL status: SELECT 1 in 0.023 seconds
[0m17:53:27.927265 [debug] [Thread-1 (]: SQL status: SELECT 1 in 0.027 seconds
[0m17:53:27.927265 [debug] [Thread-4 (]: SQL status: SELECT 1 in 0.031 seconds
[0m17:53:27.928301 [debug] [Thread-3 (]: SQL status: SELECT 1 in 0.026 seconds
[0m17:53:27.931799 [debug] [Thread-2 (]: On test.retail_customer_360.not_null_stg_sales_sale_id.6b07c53929: ROLLBACK
[0m17:53:27.933312 [debug] [Thread-1 (]: On test.retail_customer_360.not_null_stg_sales_product_id.f0a6c99276: ROLLBACK
[0m17:53:27.935316 [debug] [Thread-4 (]: On test.retail_customer_360.not_null_stg_sales_customer_id.af88ce3793: ROLLBACK
[0m17:53:27.937298 [debug] [Thread-3 (]: On test.retail_customer_360.not_null_stg_sales_quantity.0198ea4c12: ROLLBACK
[0m17:53:27.938842 [debug] [Thread-3 (]: On test.retail_customer_360.not_null_stg_sales_quantity.0198ea4c12: Close
[0m17:53:27.939914 [debug] [Thread-4 (]: On test.retail_customer_360.not_null_stg_sales_customer_id.af88ce3793: Close
[0m17:53:27.939914 [debug] [Thread-1 (]: On test.retail_customer_360.not_null_stg_sales_product_id.f0a6c99276: Close
[0m17:53:27.940841 [debug] [Thread-2 (]: On test.retail_customer_360.not_null_stg_sales_sale_id.6b07c53929: Close
[0m17:53:27.942374 [info ] [Thread-4 (]: 4 of 21 PASS not_null_stg_sales_customer_id .................................... [[32mPASS[0m in 0.12s]
[0m17:53:27.948403 [debug] [Thread-4 (]: Finished running node test.retail_customer_360.not_null_stg_sales_customer_id.af88ce3793
[0m17:53:27.943649 [info ] [Thread-1 (]: 5 of 21 PASS not_null_stg_sales_product_id ..................................... [[32mPASS[0m in 0.12s]
[0m17:53:27.948403 [debug] [Thread-4 (]: Began running node test.retail_customer_360.not_null_stg_sales_unit_price.1990b54df6
[0m17:53:27.946393 [info ] [Thread-2 (]: 7 of 21 PASS not_null_stg_sales_sale_id ........................................ [[32mPASS[0m in 0.12s]
[0m17:53:27.949449 [debug] [Thread-1 (]: Finished running node test.retail_customer_360.not_null_stg_sales_product_id.f0a6c99276
[0m17:53:27.946393 [info ] [Thread-3 (]: 6 of 21 PASS not_null_stg_sales_quantity ....................................... [[32mPASS[0m in 0.12s]
[0m17:53:27.950959 [info ] [Thread-4 (]: 8 of 21 START test not_null_stg_sales_unit_price ............................... [RUN]
[0m17:53:27.950959 [debug] [Thread-2 (]: Finished running node test.retail_customer_360.not_null_stg_sales_sale_id.6b07c53929
[0m17:53:27.952028 [debug] [Thread-1 (]: Began running node test.retail_customer_360.unique_stg_sales_sale_id.8a4f7c9521
[0m17:53:27.953333 [debug] [Thread-3 (]: Finished running node test.retail_customer_360.not_null_stg_sales_quantity.0198ea4c12
[0m17:53:27.954886 [debug] [Thread-4 (]: Re-using an available connection from the pool (formerly test.retail_customer_360.not_null_stg_sales_customer_id.af88ce3793, now test.retail_customer_360.not_null_stg_sales_unit_price.1990b54df6)
[0m17:53:27.955894 [debug] [Thread-2 (]: Began running node test.retail_customer_360.not_null_stg_customers_customer_id.e2cfb1f9aa
[0m17:53:27.955894 [info ] [Thread-1 (]: 9 of 21 START test unique_stg_sales_sale_id .................................... [RUN]
[0m17:53:27.956904 [debug] [Thread-3 (]: Began running node test.retail_customer_360.not_null_stg_customers_signup_date.ef12d9c335
[0m17:53:27.958099 [debug] [Thread-4 (]: Began compiling node test.retail_customer_360.not_null_stg_sales_unit_price.1990b54df6
[0m17:53:27.959111 [info ] [Thread-2 (]: 10 of 21 START test not_null_stg_customers_customer_id ......................... [RUN]
[0m17:53:27.959111 [debug] [Thread-1 (]: Re-using an available connection from the pool (formerly test.retail_customer_360.not_null_stg_sales_product_id.f0a6c99276, now test.retail_customer_360.unique_stg_sales_sale_id.8a4f7c9521)
[0m17:53:27.960111 [info ] [Thread-3 (]: 11 of 21 START test not_null_stg_customers_signup_date ......................... [RUN]
[0m17:53:27.970328 [debug] [Thread-4 (]: Writing injected SQL for node "test.retail_customer_360.not_null_stg_sales_unit_price.1990b54df6"
[0m17:53:27.970942 [debug] [Thread-2 (]: Re-using an available connection from the pool (formerly test.retail_customer_360.not_null_stg_sales_sale_id.6b07c53929, now test.retail_customer_360.not_null_stg_customers_customer_id.e2cfb1f9aa)
[0m17:53:27.970942 [debug] [Thread-1 (]: Began compiling node test.retail_customer_360.unique_stg_sales_sale_id.8a4f7c9521
[0m17:53:27.972006 [debug] [Thread-3 (]: Re-using an available connection from the pool (formerly test.retail_customer_360.not_null_stg_sales_quantity.0198ea4c12, now test.retail_customer_360.not_null_stg_customers_signup_date.ef12d9c335)
[0m17:53:27.973010 [debug] [Thread-2 (]: Began compiling node test.retail_customer_360.not_null_stg_customers_customer_id.e2cfb1f9aa
[0m17:53:27.982491 [debug] [Thread-3 (]: Began compiling node test.retail_customer_360.not_null_stg_customers_signup_date.ef12d9c335
[0m17:53:27.986030 [debug] [Thread-1 (]: Writing injected SQL for node "test.retail_customer_360.unique_stg_sales_sale_id.8a4f7c9521"
[0m17:53:27.995078 [debug] [Thread-2 (]: Writing injected SQL for node "test.retail_customer_360.not_null_stg_customers_customer_id.e2cfb1f9aa"
[0m17:53:28.002775 [debug] [Thread-3 (]: Writing injected SQL for node "test.retail_customer_360.not_null_stg_customers_signup_date.ef12d9c335"
[0m17:53:28.003728 [debug] [Thread-4 (]: Began executing node test.retail_customer_360.not_null_stg_sales_unit_price.1990b54df6
[0m17:53:28.006295 [debug] [Thread-4 (]: Writing runtime sql for node "test.retail_customer_360.not_null_stg_sales_unit_price.1990b54df6"
[0m17:53:28.008300 [debug] [Thread-1 (]: Began executing node test.retail_customer_360.unique_stg_sales_sale_id.8a4f7c9521
[0m17:53:28.008300 [debug] [Thread-2 (]: Began executing node test.retail_customer_360.not_null_stg_customers_customer_id.e2cfb1f9aa
[0m17:53:28.009257 [debug] [Thread-3 (]: Began executing node test.retail_customer_360.not_null_stg_customers_signup_date.ef12d9c335
[0m17:53:28.011888 [debug] [Thread-1 (]: Writing runtime sql for node "test.retail_customer_360.unique_stg_sales_sale_id.8a4f7c9521"
[0m17:53:28.013886 [debug] [Thread-2 (]: Writing runtime sql for node "test.retail_customer_360.not_null_stg_customers_customer_id.e2cfb1f9aa"
[0m17:53:28.016860 [debug] [Thread-3 (]: Writing runtime sql for node "test.retail_customer_360.not_null_stg_customers_signup_date.ef12d9c335"
[0m17:53:28.017913 [debug] [Thread-4 (]: Using postgres connection "test.retail_customer_360.not_null_stg_sales_unit_price.1990b54df6"
[0m17:53:28.018909 [debug] [Thread-4 (]: On test.retail_customer_360.not_null_stg_sales_unit_price.1990b54df6: /* {"app": "dbt", "dbt_version": "1.12.5", "profile_name": "retail_customer_360", "target_name": "dev", "node_id": "test.retail_customer_360.not_null_stg_sales_unit_price.1990b54df6"} */

    
    select
      count(*) as failures,
      count(*) != 0 as should_warn,
      count(*) != 0 as should_error
    from (
      
    
  
    
    



select unit_price
from "retaildb"."public_retail_dbt_staging"."stg_sales"
where unit_price is null



  
  
      
    ) dbt_internal_test
[0m17:53:28.018909 [debug] [Thread-4 (]: Opening a new connection, currently in state closed
[0m17:53:28.020851 [debug] [Thread-1 (]: Using postgres connection "test.retail_customer_360.unique_stg_sales_sale_id.8a4f7c9521"
[0m17:53:28.021361 [debug] [Thread-2 (]: Using postgres connection "test.retail_customer_360.not_null_stg_customers_customer_id.e2cfb1f9aa"
[0m17:53:28.022432 [debug] [Thread-3 (]: Using postgres connection "test.retail_customer_360.not_null_stg_customers_signup_date.ef12d9c335"
[0m17:53:28.022432 [debug] [Thread-1 (]: On test.retail_customer_360.unique_stg_sales_sale_id.8a4f7c9521: /* {"app": "dbt", "dbt_version": "1.12.5", "profile_name": "retail_customer_360", "target_name": "dev", "node_id": "test.retail_customer_360.unique_stg_sales_sale_id.8a4f7c9521"} */

    
    select
      count(*) as failures,
      count(*) != 0 as should_warn,
      count(*) != 0 as should_error
    from (
      
    
  
    
    

select
    sale_id as unique_field,
    count(*) as n_records

from "retaildb"."public_retail_dbt_staging"."stg_sales"
where sale_id is not null
group by sale_id
having count(*) > 1



  
  
      
    ) dbt_internal_test
[0m17:53:28.023438 [debug] [Thread-2 (]: On test.retail_customer_360.not_null_stg_customers_customer_id.e2cfb1f9aa: /* {"app": "dbt", "dbt_version": "1.12.5", "profile_name": "retail_customer_360", "target_name": "dev", "node_id": "test.retail_customer_360.not_null_stg_customers_customer_id.e2cfb1f9aa"} */

    
    select
      count(*) as failures,
      count(*) != 0 as should_warn,
      count(*) != 0 as should_error
    from (
      
    
  
    
    



select customer_id
from "retaildb"."public_retail_dbt_staging"."stg_customers"
where customer_id is null



  
  
      
    ) dbt_internal_test
[0m17:53:28.023438 [debug] [Thread-3 (]: On test.retail_customer_360.not_null_stg_customers_signup_date.ef12d9c335: /* {"app": "dbt", "dbt_version": "1.12.5", "profile_name": "retail_customer_360", "target_name": "dev", "node_id": "test.retail_customer_360.not_null_stg_customers_signup_date.ef12d9c335"} */

    
    select
      count(*) as failures,
      count(*) != 0 as should_warn,
      count(*) != 0 as should_error
    from (
      
    
  
    
    



select signup_date
from "retaildb"."public_retail_dbt_staging"."stg_customers"
where signup_date is null



  
  
      
    ) dbt_internal_test
[0m17:53:28.023438 [debug] [Thread-1 (]: Opening a new connection, currently in state closed
[0m17:53:28.024949 [debug] [Thread-2 (]: Opening a new connection, currently in state closed
[0m17:53:28.024949 [debug] [Thread-3 (]: Opening a new connection, currently in state closed
[0m17:53:28.042498 [debug] [Thread-4 (]: SQL status: SELECT 1 in 0.023 seconds
[0m17:53:28.045020 [debug] [Thread-4 (]: On test.retail_customer_360.not_null_stg_sales_unit_price.1990b54df6: ROLLBACK
[0m17:53:28.047032 [debug] [Thread-4 (]: On test.retail_customer_360.not_null_stg_sales_unit_price.1990b54df6: Close
[0m17:53:28.049033 [info ] [Thread-4 (]: 8 of 21 PASS not_null_stg_sales_unit_price ..................................... [[32mPASS[0m in 0.09s]
[0m17:53:28.050034 [debug] [Thread-4 (]: Finished running node test.retail_customer_360.not_null_stg_sales_unit_price.1990b54df6
[0m17:53:28.052183 [debug] [Thread-4 (]: Began running node test.retail_customer_360.relationships_stg_sales_customer_id__customer_id__ref_stg_customers_.f88f1dcfca
[0m17:53:28.053179 [debug] [Thread-2 (]: SQL status: SELECT 1 in 0.029 seconds
[0m17:53:28.053179 [info ] [Thread-4 (]: 12 of 21 START test relationships_stg_sales_customer_id__customer_id__ref_stg_customers_  [RUN]
[0m17:53:28.054180 [debug] [Thread-1 (]: SQL status: SELECT 1 in 0.030 seconds
[0m17:53:28.056178 [debug] [Thread-2 (]: On test.retail_customer_360.not_null_stg_customers_customer_id.e2cfb1f9aa: ROLLBACK
[0m17:53:28.057181 [debug] [Thread-3 (]: SQL status: SELECT 1 in 0.032 seconds
[0m17:53:28.058182 [debug] [Thread-4 (]: Re-using an available connection from the pool (formerly test.retail_customer_360.not_null_stg_sales_unit_price.1990b54df6, now test.retail_customer_360.relationships_stg_sales_customer_id__customer_id__ref_stg_customers_.f88f1dcfca)
[0m17:53:28.059181 [debug] [Thread-1 (]: On test.retail_customer_360.unique_stg_sales_sale_id.8a4f7c9521: ROLLBACK
[0m17:53:28.061696 [debug] [Thread-3 (]: On test.retail_customer_360.not_null_stg_customers_signup_date.ef12d9c335: ROLLBACK
[0m17:53:28.062874 [debug] [Thread-2 (]: On test.retail_customer_360.not_null_stg_customers_customer_id.e2cfb1f9aa: Close
[0m17:53:28.063890 [debug] [Thread-4 (]: Began compiling node test.retail_customer_360.relationships_stg_sales_customer_id__customer_id__ref_stg_customers_.f88f1dcfca
[0m17:53:28.153548 [debug] [Thread-3 (]: On test.retail_customer_360.not_null_stg_customers_signup_date.ef12d9c335: Close
[0m17:53:28.153548 [debug] [Thread-1 (]: On test.retail_customer_360.unique_stg_sales_sale_id.8a4f7c9521: Close
[0m17:53:28.165253 [debug] [Thread-4 (]: Writing injected SQL for node "test.retail_customer_360.relationships_stg_sales_customer_id__customer_id__ref_stg_customers_.f88f1dcfca"
[0m17:53:28.155084 [info ] [Thread-2 (]: 10 of 21 PASS not_null_stg_customers_customer_id ............................... [[32mPASS[0m in 0.18s]
[0m17:53:28.168195 [debug] [Thread-2 (]: Finished running node test.retail_customer_360.not_null_stg_customers_customer_id.e2cfb1f9aa
[0m17:53:28.166248 [info ] [Thread-3 (]: 11 of 21 PASS not_null_stg_customers_signup_date ............................... [[32mPASS[0m in 0.19s]
[0m17:53:28.169265 [debug] [Thread-2 (]: Began running node test.retail_customer_360.unique_stg_customers_customer_id.c7614daada
[0m17:53:28.167235 [info ] [Thread-1 (]: 9 of 21 PASS unique_stg_sales_sale_id .......................................... [[32mPASS[0m in 0.21s]
[0m17:53:28.170803 [debug] [Thread-3 (]: Finished running node test.retail_customer_360.not_null_stg_customers_signup_date.ef12d9c335
[0m17:53:28.171818 [info ] [Thread-2 (]: 13 of 21 START test unique_stg_customers_customer_id ........................... [RUN]
[0m17:53:28.172814 [debug] [Thread-1 (]: Finished running node test.retail_customer_360.unique_stg_sales_sale_id.8a4f7c9521
[0m17:53:28.173815 [debug] [Thread-4 (]: Began executing node test.retail_customer_360.relationships_stg_sales_customer_id__customer_id__ref_stg_customers_.f88f1dcfca
[0m17:53:28.173815 [debug] [Thread-3 (]: Began running node test.retail_customer_360.not_null_stg_products_price.2d147627d4
[0m17:53:28.173815 [debug] [Thread-2 (]: Re-using an available connection from the pool (formerly test.retail_customer_360.not_null_stg_customers_customer_id.e2cfb1f9aa, now test.retail_customer_360.unique_stg_customers_customer_id.c7614daada)
[0m17:53:28.175361 [debug] [Thread-1 (]: Began running node test.retail_customer_360.not_null_stg_products_product_id.6373b0acf3
[0m17:53:28.177361 [debug] [Thread-4 (]: Writing runtime sql for node "test.retail_customer_360.relationships_stg_sales_customer_id__customer_id__ref_stg_customers_.f88f1dcfca"
[0m17:53:28.178380 [debug] [Thread-2 (]: Began compiling node test.retail_customer_360.unique_stg_customers_customer_id.c7614daada
[0m17:53:28.178380 [info ] [Thread-3 (]: 14 of 21 START test not_null_stg_products_price ................................ [RUN]
[0m17:53:28.179363 [info ] [Thread-1 (]: 15 of 21 START test not_null_stg_products_product_id ........................... [RUN]
[0m17:53:28.194227 [debug] [Thread-2 (]: Writing injected SQL for node "test.retail_customer_360.unique_stg_customers_customer_id.c7614daada"
[0m17:53:28.195489 [debug] [Thread-3 (]: Re-using an available connection from the pool (formerly test.retail_customer_360.not_null_stg_customers_signup_date.ef12d9c335, now test.retail_customer_360.not_null_stg_products_price.2d147627d4)
[0m17:53:28.196512 [debug] [Thread-1 (]: Re-using an available connection from the pool (formerly test.retail_customer_360.unique_stg_sales_sale_id.8a4f7c9521, now test.retail_customer_360.not_null_stg_products_product_id.6373b0acf3)
[0m17:53:28.197505 [debug] [Thread-3 (]: Began compiling node test.retail_customer_360.not_null_stg_products_price.2d147627d4
[0m17:53:28.197505 [debug] [Thread-4 (]: Using postgres connection "test.retail_customer_360.relationships_stg_sales_customer_id__customer_id__ref_stg_customers_.f88f1dcfca"
[0m17:53:28.198507 [debug] [Thread-1 (]: Began compiling node test.retail_customer_360.not_null_stg_products_product_id.6373b0acf3
[0m17:53:28.207547 [debug] [Thread-3 (]: Writing injected SQL for node "test.retail_customer_360.not_null_stg_products_price.2d147627d4"
[0m17:53:28.208551 [debug] [Thread-4 (]: On test.retail_customer_360.relationships_stg_sales_customer_id__customer_id__ref_stg_customers_.f88f1dcfca: /* {"app": "dbt", "dbt_version": "1.12.5", "profile_name": "retail_customer_360", "target_name": "dev", "node_id": "test.retail_customer_360.relationships_stg_sales_customer_id__customer_id__ref_stg_customers_.f88f1dcfca"} */

    
    select
      count(*) as failures,
      count(*) != 0 as should_warn,
      count(*) != 0 as should_error
    from (
      
    
  
    
    

with child as (
    select customer_id as from_field
    from "retaildb"."public_retail_dbt_staging"."stg_sales"
    where customer_id is not null
),

parent as (
    select customer_id as to_field
    from "retaildb"."public_retail_dbt_staging"."stg_customers"
)

select
    from_field

from child
left join parent
    on child.from_field = parent.to_field

where parent.to_field is null



  
  
      
    ) dbt_internal_test
[0m17:53:28.209458 [debug] [Thread-2 (]: Began executing node test.retail_customer_360.unique_stg_customers_customer_id.c7614daada
[0m17:53:28.216084 [debug] [Thread-1 (]: Writing injected SQL for node "test.retail_customer_360.not_null_stg_products_product_id.6373b0acf3"
[0m17:53:28.216647 [debug] [Thread-4 (]: Opening a new connection, currently in state closed
[0m17:53:28.219812 [debug] [Thread-2 (]: Writing runtime sql for node "test.retail_customer_360.unique_stg_customers_customer_id.c7614daada"
[0m17:53:28.221326 [debug] [Thread-3 (]: Began executing node test.retail_customer_360.not_null_stg_products_price.2d147627d4
[0m17:53:28.225864 [debug] [Thread-3 (]: Writing runtime sql for node "test.retail_customer_360.not_null_stg_products_price.2d147627d4"
[0m17:53:28.226865 [debug] [Thread-2 (]: Using postgres connection "test.retail_customer_360.unique_stg_customers_customer_id.c7614daada"
[0m17:53:28.227944 [debug] [Thread-1 (]: Began executing node test.retail_customer_360.not_null_stg_products_product_id.6373b0acf3
[0m17:53:28.228913 [debug] [Thread-2 (]: On test.retail_customer_360.unique_stg_customers_customer_id.c7614daada: /* {"app": "dbt", "dbt_version": "1.12.5", "profile_name": "retail_customer_360", "target_name": "dev", "node_id": "test.retail_customer_360.unique_stg_customers_customer_id.c7614daada"} */

    
    select
      count(*) as failures,
      count(*) != 0 as should_warn,
      count(*) != 0 as should_error
    from (
      
    
  
    
    

select
    customer_id as unique_field,
    count(*) as n_records

from "retaildb"."public_retail_dbt_staging"."stg_customers"
where customer_id is not null
group by customer_id
having count(*) > 1



  
  
      
    ) dbt_internal_test
[0m17:53:28.230973 [debug] [Thread-1 (]: Writing runtime sql for node "test.retail_customer_360.not_null_stg_products_product_id.6373b0acf3"
[0m17:53:28.231989 [debug] [Thread-2 (]: Opening a new connection, currently in state closed
[0m17:53:28.232878 [debug] [Thread-3 (]: Using postgres connection "test.retail_customer_360.not_null_stg_products_price.2d147627d4"
[0m17:53:28.233945 [debug] [Thread-3 (]: On test.retail_customer_360.not_null_stg_products_price.2d147627d4: /* {"app": "dbt", "dbt_version": "1.12.5", "profile_name": "retail_customer_360", "target_name": "dev", "node_id": "test.retail_customer_360.not_null_stg_products_price.2d147627d4"} */

    
    select
      count(*) as failures,
      count(*) != 0 as should_warn,
      count(*) != 0 as should_error
    from (
      
    
  
    
    



select price
from "retaildb"."public_retail_dbt_staging"."stg_products"
where price is null



  
  
      
    ) dbt_internal_test
[0m17:53:28.234899 [debug] [Thread-3 (]: Opening a new connection, currently in state closed
[0m17:53:28.235899 [debug] [Thread-1 (]: Using postgres connection "test.retail_customer_360.not_null_stg_products_product_id.6373b0acf3"
[0m17:53:28.236907 [debug] [Thread-1 (]: On test.retail_customer_360.not_null_stg_products_product_id.6373b0acf3: /* {"app": "dbt", "dbt_version": "1.12.5", "profile_name": "retail_customer_360", "target_name": "dev", "node_id": "test.retail_customer_360.not_null_stg_products_product_id.6373b0acf3"} */

    
    select
      count(*) as failures,
      count(*) != 0 as should_warn,
      count(*) != 0 as should_error
    from (
      
    
  
    
    



select product_id
from "retaildb"."public_retail_dbt_staging"."stg_products"
where product_id is null



  
  
      
    ) dbt_internal_test
[0m17:53:28.237899 [debug] [Thread-1 (]: Opening a new connection, currently in state closed
[0m17:53:28.247245 [debug] [Thread-4 (]: SQL status: SELECT 1 in 0.030 seconds
[0m17:53:28.249610 [debug] [Thread-4 (]: On test.retail_customer_360.relationships_stg_sales_customer_id__customer_id__ref_stg_customers_.f88f1dcfca: ROLLBACK
[0m17:53:28.252145 [debug] [Thread-4 (]: On test.retail_customer_360.relationships_stg_sales_customer_id__customer_id__ref_stg_customers_.f88f1dcfca: Close
[0m17:53:28.253152 [info ] [Thread-4 (]: 12 of 21 PASS relationships_stg_sales_customer_id__customer_id__ref_stg_customers_  [[32mPASS[0m in 0.20s]
[0m17:53:28.254143 [debug] [Thread-4 (]: Finished running node test.retail_customer_360.relationships_stg_sales_customer_id__customer_id__ref_stg_customers_.f88f1dcfca
[0m17:53:28.255156 [debug] [Thread-4 (]: Began running node test.retail_customer_360.relationships_stg_sales_product_id__product_id__ref_stg_products_.57e6472e6d
[0m17:53:28.256156 [info ] [Thread-4 (]: 16 of 21 START test relationships_stg_sales_product_id__product_id__ref_stg_products_  [RUN]
[0m17:53:28.257154 [debug] [Thread-4 (]: Re-using an available connection from the pool (formerly test.retail_customer_360.relationships_stg_sales_customer_id__customer_id__ref_stg_customers_.f88f1dcfca, now test.retail_customer_360.relationships_stg_sales_product_id__product_id__ref_stg_products_.57e6472e6d)
[0m17:53:28.257154 [debug] [Thread-4 (]: Began compiling node test.retail_customer_360.relationships_stg_sales_product_id__product_id__ref_stg_products_.57e6472e6d
[0m17:53:28.270213 [debug] [Thread-4 (]: Writing injected SQL for node "test.retail_customer_360.relationships_stg_sales_product_id__product_id__ref_stg_products_.57e6472e6d"
[0m17:53:28.271212 [debug] [Thread-3 (]: SQL status: SELECT 1 in 0.036 seconds
[0m17:53:28.271732 [debug] [Thread-1 (]: SQL status: SELECT 1 in 0.034 seconds
[0m17:53:28.271732 [debug] [Thread-2 (]: SQL status: SELECT 1 in 0.041 seconds
[0m17:53:28.273739 [debug] [Thread-3 (]: On test.retail_customer_360.not_null_stg_products_price.2d147627d4: ROLLBACK
[0m17:53:28.276306 [debug] [Thread-1 (]: On test.retail_customer_360.not_null_stg_products_product_id.6373b0acf3: ROLLBACK
[0m17:53:28.277423 [debug] [Thread-2 (]: On test.retail_customer_360.unique_stg_customers_customer_id.c7614daada: ROLLBACK
[0m17:53:28.279399 [debug] [Thread-4 (]: Began executing node test.retail_customer_360.relationships_stg_sales_product_id__product_id__ref_stg_products_.57e6472e6d
[0m17:53:28.282898 [debug] [Thread-4 (]: Writing runtime sql for node "test.retail_customer_360.relationships_stg_sales_product_id__product_id__ref_stg_products_.57e6472e6d"
[0m17:53:28.284901 [debug] [Thread-3 (]: On test.retail_customer_360.not_null_stg_products_price.2d147627d4: Close
[0m17:53:28.285938 [debug] [Thread-1 (]: On test.retail_customer_360.not_null_stg_products_product_id.6373b0acf3: Close
[0m17:53:28.285938 [debug] [Thread-2 (]: On test.retail_customer_360.unique_stg_customers_customer_id.c7614daada: Close
[0m17:53:28.287889 [info ] [Thread-3 (]: 14 of 21 PASS not_null_stg_products_price ...................................... [[32mPASS[0m in 0.09s]
[0m17:53:28.292971 [debug] [Thread-3 (]: Finished running node test.retail_customer_360.not_null_stg_products_price.2d147627d4
[0m17:53:28.293965 [debug] [Thread-4 (]: Using postgres connection "test.retail_customer_360.relationships_stg_sales_product_id__product_id__ref_stg_products_.57e6472e6d"
[0m17:53:28.289894 [info ] [Thread-2 (]: 13 of 21 PASS unique_stg_customers_customer_id ................................. [[32mPASS[0m in 0.12s]
[0m17:53:28.294970 [debug] [Thread-3 (]: Began running node test.retail_customer_360.unique_stg_products_product_id.7d950a1467
[0m17:53:28.291976 [info ] [Thread-1 (]: 15 of 21 PASS not_null_stg_products_product_id ................................. [[32mPASS[0m in 0.10s]
[0m17:53:28.295966 [debug] [Thread-4 (]: On test.retail_customer_360.relationships_stg_sales_product_id__product_id__ref_stg_products_.57e6472e6d: /* {"app": "dbt", "dbt_version": "1.12.5", "profile_name": "retail_customer_360", "target_name": "dev", "node_id": "test.retail_customer_360.relationships_stg_sales_product_id__product_id__ref_stg_products_.57e6472e6d"} */

    
    select
      count(*) as failures,
      count(*) != 0 as should_warn,
      count(*) != 0 as should_error
    from (
      
    
  
    
    

with child as (
    select product_id as from_field
    from "retaildb"."public_retail_dbt_staging"."stg_sales"
    where product_id is not null
),

parent as (
    select product_id as to_field
    from "retaildb"."public_retail_dbt_staging"."stg_products"
)

select
    from_field

from child
left join parent
    on child.from_field = parent.to_field

where parent.to_field is null



  
  
      
    ) dbt_internal_test
[0m17:53:28.296973 [debug] [Thread-2 (]: Finished running node test.retail_customer_360.unique_stg_customers_customer_id.c7614daada
[0m17:53:28.297964 [info ] [Thread-3 (]: 17 of 21 START test unique_stg_products_product_id ............................. [RUN]
[0m17:53:28.298967 [debug] [Thread-1 (]: Finished running node test.retail_customer_360.not_null_stg_products_product_id.6373b0acf3
[0m17:53:28.298967 [debug] [Thread-4 (]: Opening a new connection, currently in state closed
[0m17:53:28.299969 [debug] [Thread-3 (]: Re-using an available connection from the pool (formerly test.retail_customer_360.not_null_stg_products_price.2d147627d4, now test.retail_customer_360.unique_stg_products_product_id.7d950a1467)
[0m17:53:28.300974 [debug] [Thread-3 (]: Began compiling node test.retail_customer_360.unique_stg_products_product_id.7d950a1467
[0m17:53:28.312330 [debug] [Thread-3 (]: Writing injected SQL for node "test.retail_customer_360.unique_stg_products_product_id.7d950a1467"
[0m17:53:28.314331 [debug] [Thread-3 (]: Began executing node test.retail_customer_360.unique_stg_products_product_id.7d950a1467
[0m17:53:28.317734 [debug] [Thread-3 (]: Writing runtime sql for node "test.retail_customer_360.unique_stg_products_product_id.7d950a1467"
[0m17:53:28.319724 [debug] [Thread-3 (]: Using postgres connection "test.retail_customer_360.unique_stg_products_product_id.7d950a1467"
[0m17:53:28.319724 [debug] [Thread-3 (]: On test.retail_customer_360.unique_stg_products_product_id.7d950a1467: /* {"app": "dbt", "dbt_version": "1.12.5", "profile_name": "retail_customer_360", "target_name": "dev", "node_id": "test.retail_customer_360.unique_stg_products_product_id.7d950a1467"} */

    
    select
      count(*) as failures,
      count(*) != 0 as should_warn,
      count(*) != 0 as should_error
    from (
      
    
  
    
    

select
    product_id as unique_field,
    count(*) as n_records

from "retaildb"."public_retail_dbt_staging"."stg_products"
where product_id is not null
group by product_id
having count(*) > 1



  
  
      
    ) dbt_internal_test
[0m17:53:28.319724 [debug] [Thread-3 (]: Opening a new connection, currently in state closed
[0m17:53:28.323264 [debug] [Thread-4 (]: SQL status: SELECT 1 in 0.024 seconds
[0m17:53:28.326551 [debug] [Thread-4 (]: On test.retail_customer_360.relationships_stg_sales_product_id__product_id__ref_stg_products_.57e6472e6d: ROLLBACK
[0m17:53:28.327551 [debug] [Thread-4 (]: On test.retail_customer_360.relationships_stg_sales_product_id__product_id__ref_stg_products_.57e6472e6d: Close
[0m17:53:28.329550 [info ] [Thread-4 (]: 16 of 21 PASS relationships_stg_sales_product_id__product_id__ref_stg_products_  [[32mPASS[0m in 0.07s]
[0m17:53:28.331018 [debug] [Thread-4 (]: Finished running node test.retail_customer_360.relationships_stg_sales_product_id__product_id__ref_stg_products_.57e6472e6d
[0m17:53:28.339198 [debug] [Thread-3 (]: SQL status: SELECT 1 in 0.018 seconds
[0m17:53:28.341197 [debug] [Thread-3 (]: On test.retail_customer_360.unique_stg_products_product_id.7d950a1467: ROLLBACK
[0m17:53:28.343247 [debug] [Thread-3 (]: On test.retail_customer_360.unique_stg_products_product_id.7d950a1467: Close
[0m17:53:28.345211 [info ] [Thread-3 (]: 17 of 21 PASS unique_stg_products_product_id ................................... [[32mPASS[0m in 0.04s]
[0m17:53:28.346210 [debug] [Thread-3 (]: Finished running node test.retail_customer_360.unique_stg_products_product_id.7d950a1467
[0m17:53:28.347210 [debug] [Thread-2 (]: Began running node model.retail_customer_360.int_sales_enriched
[0m17:53:28.348209 [info ] [Thread-2 (]: 18 of 21 START sql table model public_retail_dbt_intermediate.int_sales_enriched  [RUN]
[0m17:53:28.348209 [debug] [Thread-2 (]: Re-using an available connection from the pool (formerly test.retail_customer_360.unique_stg_customers_customer_id.c7614daada, now model.retail_customer_360.int_sales_enriched)
[0m17:53:28.349216 [debug] [Thread-2 (]: Began compiling node model.retail_customer_360.int_sales_enriched
[0m17:53:28.351731 [debug] [Thread-2 (]: Writing injected SQL for node "model.retail_customer_360.int_sales_enriched"
[0m17:53:28.353752 [debug] [Thread-2 (]: Began executing node model.retail_customer_360.int_sales_enriched
[0m17:53:28.383879 [debug] [Thread-2 (]: Writing runtime sql for node "model.retail_customer_360.int_sales_enriched"
[0m17:53:28.385952 [debug] [Thread-2 (]: Using postgres connection "model.retail_customer_360.int_sales_enriched"
[0m17:53:28.386950 [debug] [Thread-2 (]: On model.retail_customer_360.int_sales_enriched: /* {"app": "dbt", "dbt_version": "1.12.5", "profile_name": "retail_customer_360", "target_name": "dev", "node_id": "model.retail_customer_360.int_sales_enriched"} */

  
    

  create  table "retaildb"."public_retail_dbt_intermediate"."int_sales_enriched__dbt_tmp"
  
  
    as
  
  (
    with sales as (

    select *
    from "retaildb"."public_retail_dbt_staging"."stg_sales"

),

customers as (

    select *
    from "retaildb"."public_retail_dbt_staging"."stg_customers"

),

products as (

    select *
    from "retaildb"."public_retail_dbt_staging"."stg_products"

)

select
    s.sale_id,
    s.customer_id,
    s.product_id,
    s.timestamp,
    s.quantity,
    s.unit_price,

    c.signup_date,
    c.city,
    c.segment,

    p.category,
    p.brand,
    p.description,
    p.price as product_price,

    s.quantity * s.unit_price as total_line

from sales s

left join customers c
    on s.customer_id = c.customer_id

left join products p
    on s.product_id = p.product_id
  );
  
[0m17:53:28.388010 [debug] [Thread-2 (]: Opening a new connection, currently in state closed
[0m17:53:28.429910 [debug] [Thread-2 (]: SQL status: SELECT 1000 in 0.042 seconds
[0m17:53:28.438110 [debug] [Thread-2 (]: Using postgres connection "model.retail_customer_360.int_sales_enriched"
[0m17:53:28.439111 [debug] [Thread-2 (]: On model.retail_customer_360.int_sales_enriched: /* {"app": "dbt", "dbt_version": "1.12.5", "profile_name": "retail_customer_360", "target_name": "dev", "node_id": "model.retail_customer_360.int_sales_enriched"} */
alter table "retaildb"."public_retail_dbt_intermediate"."int_sales_enriched" rename to "int_sales_enriched__dbt_backup"
[0m17:53:28.441629 [debug] [Thread-2 (]: SQL status: ALTER TABLE in 0.002 seconds
[0m17:53:28.443651 [debug] [Thread-2 (]: Using postgres connection "model.retail_customer_360.int_sales_enriched"
[0m17:53:28.445163 [debug] [Thread-2 (]: On model.retail_customer_360.int_sales_enriched: /* {"app": "dbt", "dbt_version": "1.12.5", "profile_name": "retail_customer_360", "target_name": "dev", "node_id": "model.retail_customer_360.int_sales_enriched"} */
alter table "retaildb"."public_retail_dbt_intermediate"."int_sales_enriched__dbt_tmp" rename to "int_sales_enriched"
[0m17:53:28.447184 [debug] [Thread-2 (]: SQL status: ALTER TABLE in 0.001 seconds
[0m17:53:28.449179 [debug] [Thread-2 (]: On model.retail_customer_360.int_sales_enriched: COMMIT
[0m17:53:28.450177 [debug] [Thread-2 (]: Using postgres connection "model.retail_customer_360.int_sales_enriched"
[0m17:53:28.450177 [debug] [Thread-2 (]: On model.retail_customer_360.int_sales_enriched: COMMIT
[0m17:53:28.453728 [debug] [Thread-2 (]: SQL status: COMMIT in 0.003 seconds
[0m17:53:28.456335 [debug] [Thread-2 (]: Applying DROP to: "retaildb"."public_retail_dbt_intermediate"."int_sales_enriched__dbt_backup"
[0m17:53:28.459335 [debug] [Thread-2 (]: Using postgres connection "model.retail_customer_360.int_sales_enriched"
[0m17:53:28.460904 [debug] [Thread-2 (]: On model.retail_customer_360.int_sales_enriched: /* {"app": "dbt", "dbt_version": "1.12.5", "profile_name": "retail_customer_360", "target_name": "dev", "node_id": "model.retail_customer_360.int_sales_enriched"} */
drop table if exists "retaildb"."public_retail_dbt_intermediate"."int_sales_enriched__dbt_backup" cascade
[0m17:53:28.469002 [debug] [Thread-2 (]: SQL status: DROP TABLE in 0.008 seconds
[0m17:53:28.470991 [debug] [Thread-2 (]: On model.retail_customer_360.int_sales_enriched: Close
[0m17:53:28.472450 [debug] [Thread-2 (]: Sending event: {'category': 'dbt', 'action': 'run_model', 'label': 'abe5c0f8-628e-48a4-9253-b8667577bce2', 'context': [<snowplow_tracker.self_describing_json.SelfDescribingJson object at 0x0000024A4B692C60>]}
[0m17:53:28.473526 [info ] [Thread-2 (]: 18 of 21 OK created sql table model public_retail_dbt_intermediate.int_sales_enriched  [[32mSELECT 1000[0m in 0.12s]
[0m17:53:28.475036 [debug] [Thread-2 (]: Finished running node model.retail_customer_360.int_sales_enriched
[0m17:53:28.475552 [debug] [Thread-4 (]: Began running node model.retail_customer_360.customer_360
[0m17:53:28.476652 [info ] [Thread-4 (]: 19 of 21 START sql table model public_retail_dbt_mart.customer_360 ............. [RUN]
[0m17:53:28.477566 [debug] [Thread-4 (]: Re-using an available connection from the pool (formerly test.retail_customer_360.relationships_stg_sales_product_id__product_id__ref_stg_products_.57e6472e6d, now model.retail_customer_360.customer_360)
[0m17:53:28.477566 [debug] [Thread-4 (]: Began compiling node model.retail_customer_360.customer_360
[0m17:53:28.480749 [debug] [Thread-4 (]: Writing injected SQL for node "model.retail_customer_360.customer_360"
[0m17:53:28.483765 [debug] [Thread-4 (]: Began executing node model.retail_customer_360.customer_360
[0m17:53:28.488304 [debug] [Thread-4 (]: Writing runtime sql for node "model.retail_customer_360.customer_360"
[0m17:53:28.490823 [debug] [Thread-4 (]: Using postgres connection "model.retail_customer_360.customer_360"
[0m17:53:28.490823 [debug] [Thread-4 (]: On model.retail_customer_360.customer_360: /* {"app": "dbt", "dbt_version": "1.12.5", "profile_name": "retail_customer_360", "target_name": "dev", "node_id": "model.retail_customer_360.customer_360"} */

  
    

  create  table "retaildb"."public_retail_dbt_mart"."customer_360__dbt_tmp"
  
  
    as
  
  (
    with sales as (

    select *
    from "retaildb"."public_retail_dbt_intermediate"."int_sales_enriched"

),

customer_metrics as (

    select
        customer_id,

        max(city) as city,
        max(segment) as segment,
        max(signup_date) as signup_date,

        count(distinct sale_id) as total_purchases,

        sum(quantity) as total_quantity,

        sum(total_line) as total_spent,

        avg(total_line) as average_ticket,

        max(timestamp) as last_purchase_date,

        count(distinct product_id) as unique_products

    from sales

    group by customer_id

)

select
    customer_id,
    city,
    segment,
    signup_date,
    total_purchases,
    total_quantity,
    total_spent,
    average_ticket,
    last_purchase_date,
    unique_products

from customer_metrics
  );
  
[0m17:53:28.491839 [debug] [Thread-4 (]: Opening a new connection, currently in state closed
[0m17:53:28.519739 [debug] [Thread-4 (]: SQL status: SELECT 100 in 0.029 seconds
[0m17:53:28.523270 [debug] [Thread-4 (]: Using postgres connection "model.retail_customer_360.customer_360"
[0m17:53:28.524271 [debug] [Thread-4 (]: On model.retail_customer_360.customer_360: /* {"app": "dbt", "dbt_version": "1.12.5", "profile_name": "retail_customer_360", "target_name": "dev", "node_id": "model.retail_customer_360.customer_360"} */
alter table "retaildb"."public_retail_dbt_mart"."customer_360" rename to "customer_360__dbt_backup"
[0m17:53:28.526336 [debug] [Thread-4 (]: SQL status: ALTER TABLE in 0.002 seconds
[0m17:53:28.529284 [debug] [Thread-4 (]: Using postgres connection "model.retail_customer_360.customer_360"
[0m17:53:28.529284 [debug] [Thread-4 (]: On model.retail_customer_360.customer_360: /* {"app": "dbt", "dbt_version": "1.12.5", "profile_name": "retail_customer_360", "target_name": "dev", "node_id": "model.retail_customer_360.customer_360"} */
alter table "retaildb"."public_retail_dbt_mart"."customer_360__dbt_tmp" rename to "customer_360"
[0m17:53:28.532939 [debug] [Thread-4 (]: SQL status: ALTER TABLE in 0.002 seconds
[0m17:53:28.535552 [debug] [Thread-4 (]: On model.retail_customer_360.customer_360: COMMIT
[0m17:53:28.535552 [debug] [Thread-4 (]: Using postgres connection "model.retail_customer_360.customer_360"
[0m17:53:28.536541 [debug] [Thread-4 (]: On model.retail_customer_360.customer_360: COMMIT
[0m17:53:28.539494 [debug] [Thread-4 (]: SQL status: COMMIT in 0.003 seconds
[0m17:53:28.542306 [debug] [Thread-4 (]: Applying DROP to: "retaildb"."public_retail_dbt_mart"."customer_360__dbt_backup"
[0m17:53:28.543560 [debug] [Thread-4 (]: Using postgres connection "model.retail_customer_360.customer_360"
[0m17:53:28.543560 [debug] [Thread-4 (]: On model.retail_customer_360.customer_360: /* {"app": "dbt", "dbt_version": "1.12.5", "profile_name": "retail_customer_360", "target_name": "dev", "node_id": "model.retail_customer_360.customer_360"} */
drop table if exists "retaildb"."public_retail_dbt_mart"."customer_360__dbt_backup" cascade
[0m17:53:28.549228 [debug] [Thread-4 (]: SQL status: DROP TABLE in 0.005 seconds
[0m17:53:28.551214 [debug] [Thread-4 (]: On model.retail_customer_360.customer_360: Close
[0m17:53:28.552791 [debug] [Thread-4 (]: Sending event: {'category': 'dbt', 'action': 'run_model', 'label': 'abe5c0f8-628e-48a4-9253-b8667577bce2', 'context': [<snowplow_tracker.self_describing_json.SelfDescribingJson object at 0x0000024A4B245D30>]}
[0m17:53:28.553809 [info ] [Thread-4 (]: 19 of 21 OK created sql table model public_retail_dbt_mart.customer_360 ........ [[32mSELECT 100[0m in 0.07s]
[0m17:53:28.556346 [debug] [Thread-4 (]: Finished running node model.retail_customer_360.customer_360
[0m17:53:28.557341 [debug] [Thread-1 (]: Began running node test.retail_customer_360.not_null_customer_360_customer_id.b69699741f
[0m17:53:28.558340 [debug] [Thread-2 (]: Began running node test.retail_customer_360.unique_customer_360_customer_id.932555fb9f
[0m17:53:28.558340 [info ] [Thread-1 (]: 20 of 21 START test not_null_customer_360_customer_id .......................... [RUN]
[0m17:53:28.559341 [debug] [Thread-1 (]: Re-using an available connection from the pool (formerly test.retail_customer_360.not_null_stg_products_product_id.6373b0acf3, now test.retail_customer_360.not_null_customer_360_customer_id.b69699741f)
[0m17:53:28.559341 [info ] [Thread-2 (]: 21 of 21 START test unique_customer_360_customer_id ............................ [RUN]
[0m17:53:28.560856 [debug] [Thread-1 (]: Began compiling node test.retail_customer_360.not_null_customer_360_customer_id.b69699741f
[0m17:53:28.561879 [debug] [Thread-2 (]: Re-using an available connection from the pool (formerly model.retail_customer_360.int_sales_enriched, now test.retail_customer_360.unique_customer_360_customer_id.932555fb9f)
[0m17:53:28.570056 [debug] [Thread-1 (]: Writing injected SQL for node "test.retail_customer_360.not_null_customer_360_customer_id.b69699741f"
[0m17:53:28.571096 [debug] [Thread-2 (]: Began compiling node test.retail_customer_360.unique_customer_360_customer_id.932555fb9f
[0m17:53:28.579289 [debug] [Thread-2 (]: Writing injected SQL for node "test.retail_customer_360.unique_customer_360_customer_id.932555fb9f"
[0m17:53:28.580797 [debug] [Thread-1 (]: Began executing node test.retail_customer_360.not_null_customer_360_customer_id.b69699741f
[0m17:53:28.581808 [debug] [Thread-2 (]: Began executing node test.retail_customer_360.unique_customer_360_customer_id.932555fb9f
[0m17:53:28.584807 [debug] [Thread-1 (]: Writing runtime sql for node "test.retail_customer_360.not_null_customer_360_customer_id.b69699741f"
[0m17:53:28.587816 [debug] [Thread-2 (]: Writing runtime sql for node "test.retail_customer_360.unique_customer_360_customer_id.932555fb9f"
[0m17:53:28.589327 [debug] [Thread-1 (]: Using postgres connection "test.retail_customer_360.not_null_customer_360_customer_id.b69699741f"
[0m17:53:28.590086 [debug] [Thread-2 (]: Using postgres connection "test.retail_customer_360.unique_customer_360_customer_id.932555fb9f"
[0m17:53:28.591105 [debug] [Thread-1 (]: On test.retail_customer_360.not_null_customer_360_customer_id.b69699741f: /* {"app": "dbt", "dbt_version": "1.12.5", "profile_name": "retail_customer_360", "target_name": "dev", "node_id": "test.retail_customer_360.not_null_customer_360_customer_id.b69699741f"} */

    
    select
      count(*) as failures,
      count(*) != 0 as should_warn,
      count(*) != 0 as should_error
    from (
      
    
  
    
    



select customer_id
from "retaildb"."public_retail_dbt_mart"."customer_360"
where customer_id is null



  
  
      
    ) dbt_internal_test
[0m17:53:28.591105 [debug] [Thread-2 (]: On test.retail_customer_360.unique_customer_360_customer_id.932555fb9f: /* {"app": "dbt", "dbt_version": "1.12.5", "profile_name": "retail_customer_360", "target_name": "dev", "node_id": "test.retail_customer_360.unique_customer_360_customer_id.932555fb9f"} */

    
    select
      count(*) as failures,
      count(*) != 0 as should_warn,
      count(*) != 0 as should_error
    from (
      
    
  
    
    

select
    customer_id as unique_field,
    count(*) as n_records

from "retaildb"."public_retail_dbt_mart"."customer_360"
where customer_id is not null
group by customer_id
having count(*) > 1



  
  
      
    ) dbt_internal_test
[0m17:53:28.592490 [debug] [Thread-1 (]: Opening a new connection, currently in state closed
[0m17:53:28.593540 [debug] [Thread-2 (]: Opening a new connection, currently in state closed
[0m17:53:28.613912 [debug] [Thread-1 (]: SQL status: SELECT 1 in 0.021 seconds
[0m17:53:28.616427 [debug] [Thread-1 (]: On test.retail_customer_360.not_null_customer_360_customer_id.b69699741f: ROLLBACK
[0m17:53:28.616427 [debug] [Thread-2 (]: SQL status: SELECT 1 in 0.023 seconds
[0m17:53:28.618442 [debug] [Thread-2 (]: On test.retail_customer_360.unique_customer_360_customer_id.932555fb9f: ROLLBACK
[0m17:53:28.619674 [debug] [Thread-1 (]: On test.retail_customer_360.not_null_customer_360_customer_id.b69699741f: Close
[0m17:53:28.622200 [debug] [Thread-2 (]: On test.retail_customer_360.unique_customer_360_customer_id.932555fb9f: Close
[0m17:53:28.621185 [info ] [Thread-1 (]: 20 of 21 PASS not_null_customer_360_customer_id ................................ [[32mPASS[0m in 0.06s]
[0m17:53:28.625200 [debug] [Thread-1 (]: Finished running node test.retail_customer_360.not_null_customer_360_customer_id.b69699741f
[0m17:53:28.629216 [info ] [Thread-2 (]: 21 of 21 PASS unique_customer_360_customer_id .................................. [[32mPASS[0m in 0.07s]
[0m17:53:28.631751 [debug] [Thread-2 (]: Finished running node test.retail_customer_360.unique_customer_360_customer_id.932555fb9f
[0m17:53:28.636643 [debug] [MainThread]: On master: COMMIT
[0m17:53:28.637654 [debug] [MainThread]: Using postgres connection "master"
[0m17:53:28.638657 [debug] [MainThread]: On master: COMMIT
[0m17:53:28.641044 [debug] [MainThread]: Opening a new connection, currently in state closed
[0m17:53:28.676282 [debug] [MainThread]: SQL status: COMMIT in 0.036 seconds
[0m17:53:28.676282 [debug] [MainThread]: On master: Close
[0m17:53:28.678383 [debug] [MainThread]: Connection 'master' was properly closed.
[0m17:53:28.678383 [debug] [MainThread]: Connection 'list_retaildb' was properly closed.
[0m17:53:28.679377 [debug] [MainThread]: Connection 'list_retaildb' was properly closed.
[0m17:53:28.679377 [debug] [MainThread]: Connection 'list_retaildb' was properly closed.
[0m17:53:28.679377 [debug] [MainThread]: Connection 'list_retaildb_public_retail_dbt_intermediate' was properly closed.
[0m17:53:28.679377 [debug] [MainThread]: Connection 'list_retaildb_public_retail_dbt_mart' was properly closed.
[0m17:53:28.680886 [debug] [MainThread]: Connection 'list_retaildb_public_retail_dbt_staging' was properly closed.
[0m17:53:28.680886 [debug] [MainThread]: Connection 'test.retail_customer_360.not_null_customer_360_customer_id.b69699741f' was properly closed.
[0m17:53:28.680886 [debug] [MainThread]: Connection 'test.retail_customer_360.unique_customer_360_customer_id.932555fb9f' was properly closed.
[0m17:53:28.681899 [debug] [MainThread]: Connection 'test.retail_customer_360.unique_stg_products_product_id.7d950a1467' was properly closed.
[0m17:53:28.682559 [debug] [MainThread]: Connection 'model.retail_customer_360.customer_360' was properly closed.
[0m17:53:28.683082 [info ] [MainThread]: 
[0m17:53:28.684102 [info ] [MainThread]: Finished running 2 table models, 16 data tests, 3 view models in 0 hours 0 minutes and 1.78 seconds (1.78s).
[0m17:53:28.690116 [debug] [MainThread]: Command end result
[0m17:53:28.747036 [debug] [MainThread]: Wrote artifact WritableManifest to D:\IA_pipeline\dbt\target\manifest.json
[0m17:53:28.753447 [debug] [MainThread]: Wrote artifact SemanticManifest to D:\IA_pipeline\dbt\target\semantic_manifest.json
[0m17:53:28.758975 [debug] [MainThread]: Wrote artifact OsiDocument to D:\IA_pipeline\dbt\target\osi_document.json
[0m17:53:28.773618 [debug] [MainThread]: Wrote artifact RunExecutionResult to D:\IA_pipeline\dbt\target\run_results.json
[0m17:53:28.775130 [info ] [MainThread]: 
[0m17:53:28.776282 [info ] [MainThread]: [32mCompleted successfully[0m
[0m17:53:28.777703 [info ] [MainThread]: 
[0m17:53:28.778731 [info ] [MainThread]: Done. PASS=21 WARN=0 ERROR=0 SKIP=0 NO-OP=0 REUSED=0 TOTAL=21
[0m17:53:28.782257 [debug] [MainThread]: Command `dbt build` succeeded at 17:53:28.782257 after 6.32 seconds
[0m17:53:28.783255 [debug] [MainThread]: Sending event: {'category': 'dbt', 'action': 'invocation', 'label': 'end', 'context': [<snowplow_tracker.self_describing_json.SelfDescribingJson object at 0x0000024A47B16960>, <snowplow_tracker.self_describing_json.SelfDescribingJson object at 0x0000024A4A0C2E40>, <snowplow_tracker.self_describing_json.SelfDescribingJson object at 0x0000024A4B2A4110>]}
[0m17:53:28.784263 [debug] [MainThread]: Flushing usage events
[0m17:53:29.539512 [debug] [MainThread]: An error was encountered while trying to flush usage events
[0m22:55:33.312261 [debug] [MainThread]: Sending event: {'category': 'dbt', 'action': 'invocation', 'label': 'start', 'context': [<snowplow_tracker.self_describing_json.SelfDescribingJson object at 0x748d893feb40>, <snowplow_tracker.self_describing_json.SelfDescribingJson object at 0x748d88ae86e0>, <snowplow_tracker.self_describing_json.SelfDescribingJson object at 0x748d89359580>]}


============================== 22:55:33.321738 | cee0706c-1f01-40ad-9c8d-b6d648adc9e4 ==============================
[0m22:55:33.321738 [info ] [MainThread]: Running with dbt=1.12.5
[0m22:55:33.324169 [debug] [MainThread]: running dbt with arguments {'log_format': 'default', 'cache_selected_only': 'False', 'quiet': 'False', 'indirect_selection': 'eager', 'static_parser': 'True', 'fail_fast': 'False', 'introspect': 'True', 'partial_parse': 'True', 'profiles_dir': '.', 'version_check': 'True', 'use_colors': 'True', 'use_experimental_parser': 'False', 'log_cache_events': 'False', 'write_json': 'True', 'maximum_seed_size_mib': '1', 'warn_error_options': 'WarnErrorOptionsV2(error=[], warn=[], silence=[])', 'printer_width': '80', 'debug': 'False', 'log_path': '/opt/airflow/project/dbt/logs', 'invocation_command': 'dbt build --profiles-dir .', 'hints_enabled': 'True', 'target_path': 'None', 'empty': 'False', 'warn_error': 'None', 'no_print': 'None', 'send_anonymous_usage_stats': 'True'}
[0m22:55:33.918928 [debug] [MainThread]: Sending event: {'category': 'dbt', 'action': 'project_id', 'label': 'cee0706c-1f01-40ad-9c8d-b6d648adc9e4', 'context': [<snowplow_tracker.self_describing_json.SelfDescribingJson object at 0x748d89a9b5f0>]}
[0m22:55:34.016480 [debug] [MainThread]: Sending event: {'category': 'dbt', 'action': 'adapter_info', 'label': 'cee0706c-1f01-40ad-9c8d-b6d648adc9e4', 'context': [<snowplow_tracker.self_describing_json.SelfDescribingJson object at 0x748d8879c9b0>]}
[0m22:55:34.024631 [info ] [MainThread]: Registered adapter: postgres=1.11.0
[0m22:55:34.121238 [debug] [MainThread]: checksum: 3db23d57cd09ab1a9e15a438d4d01baa18a6a27a21ab3bb0922b9bb515105a76, vars: {}, profile: retail_customer_360, target: dev, version: 1.12.5
[0m22:55:34.277483 [info ] [MainThread]: Unable to do partial parsing because profile has changed
[0m22:55:34.280196 [debug] [MainThread]: Sending event: {'category': 'dbt', 'action': 'partial_parser', 'label': 'cee0706c-1f01-40ad-9c8d-b6d648adc9e4', 'context': [<snowplow_tracker.self_describing_json.SelfDescribingJson object at 0x748d86b482f0>]}
[0m22:55:36.185949 [debug] [MainThread]: Sending event: {'category': 'dbt', 'action': 'load_project', 'label': 'cee0706c-1f01-40ad-9c8d-b6d648adc9e4', 'context': [<snowplow_tracker.self_describing_json.SelfDescribingJson object at 0x748d863c1400>]}
[0m22:55:36.398109 [debug] [MainThread]: Wrote artifact WritableManifest to /opt/airflow/project/dbt/target/manifest.json
[0m22:55:36.416744 [debug] [MainThread]: Wrote artifact SemanticManifest to /opt/airflow/project/dbt/target/semantic_manifest.json
[0m22:55:36.462967 [debug] [MainThread]: Wrote artifact OsiDocument to /opt/airflow/project/dbt/target/osi_document.json
[0m22:55:36.530972 [debug] [MainThread]: Sending event: {'category': 'dbt', 'action': 'resource_counts', 'label': 'cee0706c-1f01-40ad-9c8d-b6d648adc9e4', 'context': [<snowplow_tracker.self_describing_json.SelfDescribingJson object at 0x748d53d929c0>]}
[0m22:55:36.533282 [info ] [MainThread]: Found 5 models, 16 data tests, 477 macros
[0m22:55:36.538580 [info ] [MainThread]: 
[0m22:55:36.541021 [info ] [MainThread]: Concurrency: 4 threads (target='dev')
[0m22:55:36.544002 [info ] [MainThread]: 
[0m22:55:36.547783 [debug] [MainThread]: Acquiring new postgres connection 'master'
[0m22:55:36.555306 [debug] [ThreadPool]: Acquiring new postgres connection 'list_retaildb'
[0m22:55:36.556459 [debug] [ThreadPool]: Acquiring new postgres connection 'list_retaildb'
[0m22:55:36.557416 [debug] [ThreadPool]: Acquiring new postgres connection 'list_retaildb'
[0m22:55:36.605974 [debug] [ThreadPool]: Using postgres connection "list_retaildb"
[0m22:55:36.606635 [debug] [ThreadPool]: Using postgres connection "list_retaildb"
[0m22:55:36.607173 [debug] [ThreadPool]: Using postgres connection "list_retaildb"
[0m22:55:36.608103 [debug] [ThreadPool]: On list_retaildb: /* {"app": "dbt", "dbt_version": "1.12.5", "profile_name": "retail_customer_360", "target_name": "dev", "connection_name": "list_retaildb"} */

    select distinct nspname from pg_namespace
  
[0m22:55:36.610324 [debug] [ThreadPool]: On list_retaildb: /* {"app": "dbt", "dbt_version": "1.12.5", "profile_name": "retail_customer_360", "target_name": "dev", "connection_name": "list_retaildb"} */

    select distinct nspname from pg_namespace
  
[0m22:55:36.612371 [debug] [ThreadPool]: On list_retaildb: /* {"app": "dbt", "dbt_version": "1.12.5", "profile_name": "retail_customer_360", "target_name": "dev", "connection_name": "list_retaildb"} */

    select distinct nspname from pg_namespace
  
[0m22:55:36.614272 [debug] [ThreadPool]: Opening a new connection, currently in state init
[0m22:55:36.616244 [debug] [ThreadPool]: Opening a new connection, currently in state init
[0m22:55:36.618274 [debug] [ThreadPool]: Opening a new connection, currently in state init
[0m22:55:36.631563 [debug] [ThreadPool]: SQL status: SELECT 10 in 0.017 seconds
[0m22:55:36.632170 [debug] [ThreadPool]: SQL status: SELECT 10 in 0.016 seconds
[0m22:55:36.634983 [debug] [ThreadPool]: On list_retaildb: Close
[0m22:55:36.638086 [debug] [ThreadPool]: On list_retaildb: Close
[0m22:55:36.638640 [debug] [ThreadPool]: SQL status: SELECT 10 in 0.020 seconds
[0m22:55:36.644760 [debug] [ThreadPool]: On list_retaildb: Close
[0m22:55:36.649904 [debug] [ThreadPool]: Re-using an available connection from the pool (formerly list_retaildb, now list_retaildb_public_retail_dbt_staging)
[0m22:55:36.651081 [debug] [ThreadPool]: Re-using an available connection from the pool (formerly list_retaildb, now list_retaildb_public_retail_dbt_mart)
[0m22:55:36.651996 [debug] [ThreadPool]: Re-using an available connection from the pool (formerly list_retaildb, now list_retaildb_public_retail_dbt_intermediate)
[0m22:55:36.659005 [debug] [ThreadPool]: Using postgres connection "list_retaildb_public_retail_dbt_staging"
[0m22:55:36.661482 [debug] [ThreadPool]: Using postgres connection "list_retaildb_public_retail_dbt_mart"
[0m22:55:36.664470 [debug] [ThreadPool]: Using postgres connection "list_retaildb_public_retail_dbt_intermediate"
[0m22:55:36.666337 [debug] [ThreadPool]: On list_retaildb_public_retail_dbt_staging: /* {"app": "dbt", "dbt_version": "1.12.5", "profile_name": "retail_customer_360", "target_name": "dev", "connection_name": "list_retaildb_public_retail_dbt_staging"} */
select
      'retaildb' as database,
      tablename as name,
      schemaname as schema,
      'table' as type
    from pg_tables
    where schemaname ilike 'public_retail_dbt_staging'
    union all
    select
      'retaildb' as database,
      viewname as name,
      schemaname as schema,
      'view' as type
    from pg_views
    where schemaname ilike 'public_retail_dbt_staging'
    union all
    select
      'retaildb' as database,
      matviewname as name,
      schemaname as schema,
      'materialized_view' as type
    from pg_matviews
    where schemaname ilike 'public_retail_dbt_staging'
    union all
    select distinct
     'retaildb' as database,
     proname as name,
     ns.nspname as schema,
     'function' as type
    from pg_proc
     join pg_namespace as ns on pronamespace = ns.oid
    where ns.nspname ilike 'public_retail_dbt_staging'
  
[0m22:55:36.668311 [debug] [ThreadPool]: On list_retaildb_public_retail_dbt_mart: /* {"app": "dbt", "dbt_version": "1.12.5", "profile_name": "retail_customer_360", "target_name": "dev", "connection_name": "list_retaildb_public_retail_dbt_mart"} */
select
      'retaildb' as database,
      tablename as name,
      schemaname as schema,
      'table' as type
    from pg_tables
    where schemaname ilike 'public_retail_dbt_mart'
    union all
    select
      'retaildb' as database,
      viewname as name,
      schemaname as schema,
      'view' as type
    from pg_views
    where schemaname ilike 'public_retail_dbt_mart'
    union all
    select
      'retaildb' as database,
      matviewname as name,
      schemaname as schema,
      'materialized_view' as type
    from pg_matviews
    where schemaname ilike 'public_retail_dbt_mart'
    union all
    select distinct
     'retaildb' as database,
     proname as name,
     ns.nspname as schema,
     'function' as type
    from pg_proc
     join pg_namespace as ns on pronamespace = ns.oid
    where ns.nspname ilike 'public_retail_dbt_mart'
  
[0m22:55:36.670691 [debug] [ThreadPool]: On list_retaildb_public_retail_dbt_intermediate: /* {"app": "dbt", "dbt_version": "1.12.5", "profile_name": "retail_customer_360", "target_name": "dev", "connection_name": "list_retaildb_public_retail_dbt_intermediate"} */
select
      'retaildb' as database,
      tablename as name,
      schemaname as schema,
      'table' as type
    from pg_tables
    where schemaname ilike 'public_retail_dbt_intermediate'
    union all
    select
      'retaildb' as database,
      viewname as name,
      schemaname as schema,
      'view' as type
    from pg_views
    where schemaname ilike 'public_retail_dbt_intermediate'
    union all
    select
      'retaildb' as database,
      matviewname as name,
      schemaname as schema,
      'materialized_view' as type
    from pg_matviews
    where schemaname ilike 'public_retail_dbt_intermediate'
    union all
    select distinct
     'retaildb' as database,
     proname as name,
     ns.nspname as schema,
     'function' as type
    from pg_proc
     join pg_namespace as ns on pronamespace = ns.oid
    where ns.nspname ilike 'public_retail_dbt_intermediate'
  
[0m22:55:36.672869 [debug] [ThreadPool]: Opening a new connection, currently in state closed
[0m22:55:36.675231 [debug] [ThreadPool]: Opening a new connection, currently in state closed
[0m22:55:36.677405 [debug] [ThreadPool]: Opening a new connection, currently in state closed
[0m22:55:36.693803 [debug] [ThreadPool]: SQL status: SELECT 3 in 0.021 seconds
[0m22:55:36.695229 [debug] [ThreadPool]: SQL status: SELECT 1 in 0.018 seconds
[0m22:55:36.695749 [debug] [ThreadPool]: SQL status: SELECT 1 in 0.021 seconds
[0m22:55:36.697244 [debug] [ThreadPool]: On list_retaildb_public_retail_dbt_staging: ROLLBACK
[0m22:55:36.700828 [debug] [ThreadPool]: On list_retaildb_public_retail_dbt_intermediate: ROLLBACK
[0m22:55:36.704439 [debug] [ThreadPool]: On list_retaildb_public_retail_dbt_mart: ROLLBACK
[0m22:55:36.707328 [debug] [ThreadPool]: On list_retaildb_public_retail_dbt_staging: Close
[0m22:55:36.709140 [debug] [ThreadPool]: On list_retaildb_public_retail_dbt_intermediate: Close
[0m22:55:36.710808 [debug] [ThreadPool]: On list_retaildb_public_retail_dbt_mart: Close
[0m22:55:36.720883 [debug] [MainThread]: Using postgres connection "master"
[0m22:55:36.723426 [debug] [MainThread]: On master: /* {"app": "dbt", "dbt_version": "1.12.5", "profile_name": "retail_customer_360", "target_name": "dev", "connection_name": "master"} */
select distinct
        dependent_namespace.nspname as dependent_schema,
        dependent_class.relname as dependent_name,
        referenced_namespace.nspname as referenced_schema,
        referenced_class.relname as referenced_name

    -- Query for views: views are entries in pg_class with an entry in pg_rewrite, but we avoid
    -- a seq scan on pg_rewrite by leveraging the fact there is an "internal" row in pg_depend for
    -- the view...
    from pg_class as dependent_class
    join pg_namespace as dependent_namespace on dependent_namespace.oid = dependent_class.relnamespace
    join pg_depend as dependent_depend on dependent_depend.refobjid = dependent_class.oid
        and dependent_depend.classid = 'pg_rewrite'::regclass
        and dependent_depend.refclassid = 'pg_class'::regclass
        and dependent_depend.deptype = 'i'

    -- ... and via pg_depend (that has a row per column, hence the need for "distinct" above, and
    -- making sure to exclude the internal row to avoid a view appearing to depend on itself)...
    join pg_depend as joining_depend on joining_depend.objid = dependent_depend.objid
        and joining_depend.classid = 'pg_rewrite'::regclass
        and joining_depend.refclassid = 'pg_class'::regclass
        and joining_depend.refobjid != dependent_depend.refobjid

    -- ... we can find the tables they query from in pg_class, but excluding system tables. Note we
    -- don't need need to exclude _dependent_ system tables, because they only query from other
    -- system tables, and so are automatically excluded by excluding _referenced_ system tables
    join pg_class as referenced_class on referenced_class.oid = joining_depend.refobjid
    join pg_namespace as referenced_namespace on referenced_namespace.oid = referenced_class.relnamespace
        and referenced_namespace.nspname != 'information_schema'
        and referenced_namespace.nspname not like 'pg\_%'

    order by
        dependent_schema, dependent_name, referenced_schema, referenced_name;
[0m22:55:36.725413 [debug] [MainThread]: Opening a new connection, currently in state init
[0m22:55:36.738852 [debug] [MainThread]: SQL status: SELECT 3 in 0.013 seconds
[0m22:55:36.742368 [debug] [MainThread]: Sending event: {'category': 'dbt', 'action': 'runnable_timing', 'label': 'cee0706c-1f01-40ad-9c8d-b6d648adc9e4', 'context': [<snowplow_tracker.self_describing_json.SelfDescribingJson object at 0x748d53c86c00>]}
[0m22:55:36.744474 [debug] [MainThread]: On master: ROLLBACK
[0m22:55:36.746675 [debug] [MainThread]: On master: COMMIT
[0m22:55:36.748756 [debug] [MainThread]: Using postgres connection "master"
[0m22:55:36.750075 [debug] [MainThread]: On master: COMMIT
[0m22:55:36.752245 [debug] [MainThread]: SQL status: COMMIT in 0.000 seconds
[0m22:55:36.754155 [debug] [MainThread]: On master: Close
[0m22:55:36.761146 [debug] [Thread-1 (]: Began running node model.retail_customer_360.stg_customers
[0m22:55:36.761728 [debug] [Thread-2 (]: Began running node model.retail_customer_360.stg_products
[0m22:55:36.762409 [debug] [Thread-3 (]: Began running node model.retail_customer_360.stg_sales
[0m22:55:36.763346 [info ] [Thread-1 (]: 1 of 21 START sql view model public_retail_dbt_staging.stg_customers ........... [RUN]
[0m22:55:36.765668 [info ] [Thread-2 (]: 2 of 21 START sql view model public_retail_dbt_staging.stg_products ............ [RUN]
[0m22:55:36.767886 [info ] [Thread-3 (]: 3 of 21 START sql view model public_retail_dbt_staging.stg_sales ............... [RUN]
[0m22:55:36.769867 [debug] [Thread-1 (]: Re-using an available connection from the pool (formerly list_retaildb_public_retail_dbt_mart, now model.retail_customer_360.stg_customers)
[0m22:55:36.771695 [debug] [Thread-2 (]: Re-using an available connection from the pool (formerly list_retaildb_public_retail_dbt_intermediate, now model.retail_customer_360.stg_products)
[0m22:55:36.773281 [debug] [Thread-3 (]: Re-using an available connection from the pool (formerly list_retaildb_public_retail_dbt_staging, now model.retail_customer_360.stg_sales)
[0m22:55:36.774915 [debug] [Thread-1 (]: Began compiling node model.retail_customer_360.stg_customers
[0m22:55:36.776506 [debug] [Thread-2 (]: Began compiling node model.retail_customer_360.stg_products
[0m22:55:36.778519 [debug] [Thread-3 (]: Began compiling node model.retail_customer_360.stg_sales
[0m22:55:36.788245 [debug] [Thread-1 (]: Writing injected SQL for node "model.retail_customer_360.stg_customers"
[0m22:55:36.791123 [debug] [Thread-2 (]: Writing injected SQL for node "model.retail_customer_360.stg_products"
[0m22:55:36.793968 [debug] [Thread-3 (]: Writing injected SQL for node "model.retail_customer_360.stg_sales"
[0m22:55:36.819366 [debug] [Thread-1 (]: Began executing node model.retail_customer_360.stg_customers
[0m22:55:36.821686 [debug] [Thread-3 (]: Began executing node model.retail_customer_360.stg_sales
[0m22:55:36.829638 [debug] [Thread-2 (]: Began executing node model.retail_customer_360.stg_products
[0m22:55:36.902762 [debug] [Thread-1 (]: Writing runtime sql for node "model.retail_customer_360.stg_customers"
[0m22:55:36.906255 [debug] [Thread-3 (]: Writing runtime sql for node "model.retail_customer_360.stg_sales"
[0m22:55:36.909763 [debug] [Thread-2 (]: Writing runtime sql for node "model.retail_customer_360.stg_products"
[0m22:55:36.931277 [debug] [Thread-1 (]: Using postgres connection "model.retail_customer_360.stg_customers"
[0m22:55:36.935417 [debug] [Thread-3 (]: Using postgres connection "model.retail_customer_360.stg_sales"
[0m22:55:36.936345 [debug] [Thread-1 (]: On model.retail_customer_360.stg_customers: /* {"app": "dbt", "dbt_version": "1.12.5", "profile_name": "retail_customer_360", "target_name": "dev", "node_id": "model.retail_customer_360.stg_customers"} */

  create view "retaildb"."public_retail_dbt_staging"."stg_customers__dbt_tmp"
    
    
  as (
    select
    customer_id,
    signup_date,
    city,
    segment
from retail_staging.customers
  );
[0m22:55:36.939419 [debug] [Thread-2 (]: Using postgres connection "model.retail_customer_360.stg_products"
[0m22:55:36.940168 [debug] [Thread-3 (]: On model.retail_customer_360.stg_sales: /* {"app": "dbt", "dbt_version": "1.12.5", "profile_name": "retail_customer_360", "target_name": "dev", "node_id": "model.retail_customer_360.stg_sales"} */

  create view "retaildb"."public_retail_dbt_staging"."stg_sales__dbt_tmp"
    
    
  as (
    select
    sale_id,
    customer_id,
    product_id,
    timestamp,
    quantity,
    unit_price
from retail_staging.sales
  );
[0m22:55:36.942503 [debug] [Thread-1 (]: Opening a new connection, currently in state closed
[0m22:55:36.944831 [debug] [Thread-2 (]: On model.retail_customer_360.stg_products: /* {"app": "dbt", "dbt_version": "1.12.5", "profile_name": "retail_customer_360", "target_name": "dev", "node_id": "model.retail_customer_360.stg_products"} */

  create view "retaildb"."public_retail_dbt_staging"."stg_products__dbt_tmp"
    
    
  as (
    select
    product_id,
    category,
    brand,
    description,
    price
from retail_staging.products
  );
[0m22:55:36.947030 [debug] [Thread-3 (]: Opening a new connection, currently in state closed
[0m22:55:36.950737 [debug] [Thread-2 (]: Opening a new connection, currently in state closed
[0m22:55:36.960618 [debug] [Thread-1 (]: SQL status: CREATE VIEW in 0.018 seconds
[0m22:55:36.968396 [debug] [Thread-1 (]: Using postgres connection "model.retail_customer_360.stg_customers"
[0m22:55:36.970676 [debug] [Thread-1 (]: On model.retail_customer_360.stg_customers: /* {"app": "dbt", "dbt_version": "1.12.5", "profile_name": "retail_customer_360", "target_name": "dev", "node_id": "model.retail_customer_360.stg_customers"} */
alter table "retaildb"."public_retail_dbt_staging"."stg_customers" rename to "stg_customers__dbt_backup"
[0m22:55:36.971287 [debug] [Thread-2 (]: SQL status: CREATE VIEW in 0.021 seconds
[0m22:55:36.971951 [debug] [Thread-3 (]: SQL status: CREATE VIEW in 0.025 seconds
[0m22:55:36.973435 [debug] [Thread-1 (]: SQL status: ALTER TABLE in 0.001 seconds
[0m22:55:36.977061 [debug] [Thread-2 (]: Using postgres connection "model.retail_customer_360.stg_products"
[0m22:55:36.981307 [debug] [Thread-3 (]: Using postgres connection "model.retail_customer_360.stg_sales"
[0m22:55:36.986848 [debug] [Thread-1 (]: Using postgres connection "model.retail_customer_360.stg_customers"
[0m22:55:36.988955 [debug] [Thread-2 (]: On model.retail_customer_360.stg_products: /* {"app": "dbt", "dbt_version": "1.12.5", "profile_name": "retail_customer_360", "target_name": "dev", "node_id": "model.retail_customer_360.stg_products"} */
alter table "retaildb"."public_retail_dbt_staging"."stg_products" rename to "stg_products__dbt_backup"
[0m22:55:36.991076 [debug] [Thread-3 (]: On model.retail_customer_360.stg_sales: /* {"app": "dbt", "dbt_version": "1.12.5", "profile_name": "retail_customer_360", "target_name": "dev", "node_id": "model.retail_customer_360.stg_sales"} */
alter table "retaildb"."public_retail_dbt_staging"."stg_sales" rename to "stg_sales__dbt_backup"
[0m22:55:36.993143 [debug] [Thread-1 (]: On model.retail_customer_360.stg_customers: /* {"app": "dbt", "dbt_version": "1.12.5", "profile_name": "retail_customer_360", "target_name": "dev", "node_id": "model.retail_customer_360.stg_customers"} */
alter table "retaildb"."public_retail_dbt_staging"."stg_customers__dbt_tmp" rename to "stg_customers"
[0m22:55:36.995757 [debug] [Thread-2 (]: SQL status: ALTER TABLE in 0.001 seconds
[0m22:55:36.996902 [debug] [Thread-3 (]: SQL status: ALTER TABLE in 0.000 seconds
[0m22:55:36.998605 [debug] [Thread-1 (]: SQL status: ALTER TABLE in 0.000 seconds
[0m22:55:37.002033 [debug] [Thread-2 (]: Using postgres connection "model.retail_customer_360.stg_products"
[0m22:55:37.006965 [debug] [Thread-3 (]: Using postgres connection "model.retail_customer_360.stg_sales"
[0m22:55:37.022958 [debug] [Thread-2 (]: On model.retail_customer_360.stg_products: /* {"app": "dbt", "dbt_version": "1.12.5", "profile_name": "retail_customer_360", "target_name": "dev", "node_id": "model.retail_customer_360.stg_products"} */
alter table "retaildb"."public_retail_dbt_staging"."stg_products__dbt_tmp" rename to "stg_products"
[0m22:55:37.034503 [debug] [Thread-1 (]: On model.retail_customer_360.stg_customers: COMMIT
[0m22:55:37.035679 [debug] [Thread-3 (]: On model.retail_customer_360.stg_sales: /* {"app": "dbt", "dbt_version": "1.12.5", "profile_name": "retail_customer_360", "target_name": "dev", "node_id": "model.retail_customer_360.stg_sales"} */
alter table "retaildb"."public_retail_dbt_staging"."stg_sales__dbt_tmp" rename to "stg_sales"
[0m22:55:37.038237 [debug] [Thread-2 (]: SQL status: ALTER TABLE in 0.000 seconds
[0m22:55:37.039245 [debug] [Thread-1 (]: Using postgres connection "model.retail_customer_360.stg_customers"
[0m22:55:37.041366 [debug] [Thread-3 (]: SQL status: ALTER TABLE in 0.000 seconds
[0m22:55:37.045155 [debug] [Thread-2 (]: On model.retail_customer_360.stg_products: COMMIT
[0m22:55:37.047305 [debug] [Thread-1 (]: On model.retail_customer_360.stg_customers: COMMIT
[0m22:55:37.050335 [debug] [Thread-3 (]: On model.retail_customer_360.stg_sales: COMMIT
[0m22:55:37.051879 [debug] [Thread-2 (]: Using postgres connection "model.retail_customer_360.stg_products"
[0m22:55:37.054963 [debug] [Thread-1 (]: SQL status: COMMIT in 0.001 seconds
[0m22:55:37.055546 [debug] [Thread-3 (]: Using postgres connection "model.retail_customer_360.stg_sales"
[0m22:55:37.057682 [debug] [Thread-2 (]: On model.retail_customer_360.stg_products: COMMIT
[0m22:55:37.068434 [debug] [Thread-1 (]: Applying DROP to: "retaildb"."public_retail_dbt_staging"."stg_customers__dbt_backup"
[0m22:55:37.068992 [debug] [Thread-3 (]: On model.retail_customer_360.stg_sales: COMMIT
[0m22:55:37.078353 [debug] [Thread-2 (]: SQL status: COMMIT in 0.007 seconds
[0m22:55:37.082024 [debug] [Thread-1 (]: Using postgres connection "model.retail_customer_360.stg_customers"
[0m22:55:37.084677 [debug] [Thread-3 (]: SQL status: COMMIT in 0.002 seconds
[0m22:55:37.087198 [debug] [Thread-2 (]: Applying DROP to: "retaildb"."public_retail_dbt_staging"."stg_products__dbt_backup"
[0m22:55:37.089374 [debug] [Thread-1 (]: On model.retail_customer_360.stg_customers: /* {"app": "dbt", "dbt_version": "1.12.5", "profile_name": "retail_customer_360", "target_name": "dev", "node_id": "model.retail_customer_360.stg_customers"} */
drop view if exists "retaildb"."public_retail_dbt_staging"."stg_customers__dbt_backup" cascade
[0m22:55:37.092956 [debug] [Thread-3 (]: Applying DROP to: "retaildb"."public_retail_dbt_staging"."stg_sales__dbt_backup"
[0m22:55:37.095994 [debug] [Thread-2 (]: Using postgres connection "model.retail_customer_360.stg_products"
[0m22:55:37.099850 [debug] [Thread-3 (]: Using postgres connection "model.retail_customer_360.stg_sales"
[0m22:55:37.100457 [debug] [Thread-1 (]: SQL status: DROP VIEW in 0.002 seconds
[0m22:55:37.101757 [debug] [Thread-2 (]: On model.retail_customer_360.stg_products: /* {"app": "dbt", "dbt_version": "1.12.5", "profile_name": "retail_customer_360", "target_name": "dev", "node_id": "model.retail_customer_360.stg_products"} */
drop view if exists "retaildb"."public_retail_dbt_staging"."stg_products__dbt_backup" cascade
[0m22:55:37.103136 [debug] [Thread-3 (]: On model.retail_customer_360.stg_sales: /* {"app": "dbt", "dbt_version": "1.12.5", "profile_name": "retail_customer_360", "target_name": "dev", "node_id": "model.retail_customer_360.stg_sales"} */
drop view if exists "retaildb"."public_retail_dbt_staging"."stg_sales__dbt_backup" cascade
[0m22:55:37.107811 [debug] [Thread-1 (]: On model.retail_customer_360.stg_customers: Close
[0m22:55:37.112562 [debug] [Thread-2 (]: SQL status: DROP VIEW in 0.002 seconds
[0m22:55:37.115334 [debug] [Thread-3 (]: SQL status: DROP VIEW in 0.004 seconds
[0m22:55:37.117183 [debug] [Thread-2 (]: On model.retail_customer_360.stg_products: Close
[0m22:55:37.118218 [debug] [Thread-1 (]: Sending event: {'category': 'dbt', 'action': 'run_model', 'label': 'cee0706c-1f01-40ad-9c8d-b6d648adc9e4', 'context': [<snowplow_tracker.self_describing_json.SelfDescribingJson object at 0x748d89a60c80>]}
[0m22:55:37.120301 [debug] [Thread-3 (]: On model.retail_customer_360.stg_sales: Close
[0m22:55:37.122580 [debug] [Thread-2 (]: Sending event: {'category': 'dbt', 'action': 'run_model', 'label': 'cee0706c-1f01-40ad-9c8d-b6d648adc9e4', 'context': [<snowplow_tracker.self_describing_json.SelfDescribingJson object at 0x748d53d4b8f0>]}
[0m22:55:37.124025 [info ] [Thread-1 (]: 1 of 21 OK created sql view model public_retail_dbt_staging.stg_customers ...... [[32mCREATE VIEW[0m in 0.34s]
[0m22:55:37.127947 [debug] [Thread-3 (]: Sending event: {'category': 'dbt', 'action': 'run_model', 'label': 'cee0706c-1f01-40ad-9c8d-b6d648adc9e4', 'context': [<snowplow_tracker.self_describing_json.SelfDescribingJson object at 0x748d53b22750>]}
[0m22:55:37.129845 [info ] [Thread-2 (]: 2 of 21 OK created sql view model public_retail_dbt_staging.stg_products ....... [[32mCREATE VIEW[0m in 0.35s]
[0m22:55:37.132628 [debug] [Thread-1 (]: Finished running node model.retail_customer_360.stg_customers
[0m22:55:37.134910 [info ] [Thread-3 (]: 3 of 21 OK created sql view model public_retail_dbt_staging.stg_sales .......... [[32mCREATE VIEW[0m in 0.35s]
[0m22:55:37.137220 [debug] [Thread-2 (]: Finished running node model.retail_customer_360.stg_products
[0m22:55:37.141200 [debug] [Thread-4 (]: Began running node test.retail_customer_360.not_null_stg_customers_customer_id.e2cfb1f9aa
[0m22:55:37.142502 [debug] [Thread-1 (]: Began running node test.retail_customer_360.not_null_stg_customers_signup_date.ef12d9c335
[0m22:55:37.143177 [debug] [Thread-3 (]: Finished running node model.retail_customer_360.stg_sales
[0m22:55:37.145757 [debug] [Thread-2 (]: Began running node test.retail_customer_360.unique_stg_customers_customer_id.c7614daada
[0m22:55:37.148246 [info ] [Thread-4 (]: 4 of 21 START test not_null_stg_customers_customer_id .......................... [RUN]
[0m22:55:37.150220 [info ] [Thread-1 (]: 5 of 21 START test not_null_stg_customers_signup_date .......................... [RUN]
[0m22:55:37.152322 [debug] [Thread-3 (]: Began running node test.retail_customer_360.not_null_stg_products_price.2d147627d4
[0m22:55:37.154275 [info ] [Thread-2 (]: 6 of 21 START test unique_stg_customers_customer_id ............................ [RUN]
[0m22:55:37.156590 [debug] [Thread-4 (]: Acquiring new postgres connection 'test.retail_customer_360.not_null_stg_customers_customer_id.e2cfb1f9aa'
[0m22:55:37.158384 [debug] [Thread-1 (]: Re-using an available connection from the pool (formerly model.retail_customer_360.stg_customers, now test.retail_customer_360.not_null_stg_customers_signup_date.ef12d9c335)
[0m22:55:37.159921 [info ] [Thread-3 (]: 7 of 21 START test not_null_stg_products_price ................................. [RUN]
[0m22:55:37.162275 [debug] [Thread-2 (]: Re-using an available connection from the pool (formerly model.retail_customer_360.stg_products, now test.retail_customer_360.unique_stg_customers_customer_id.c7614daada)
[0m22:55:37.164441 [debug] [Thread-4 (]: Began compiling node test.retail_customer_360.not_null_stg_customers_customer_id.e2cfb1f9aa
[0m22:55:37.166767 [debug] [Thread-1 (]: Began compiling node test.retail_customer_360.not_null_stg_customers_signup_date.ef12d9c335
[0m22:55:37.168969 [debug] [Thread-3 (]: Re-using an available connection from the pool (formerly model.retail_customer_360.stg_sales, now test.retail_customer_360.not_null_stg_products_price.2d147627d4)
[0m22:55:37.171351 [debug] [Thread-2 (]: Began compiling node test.retail_customer_360.unique_stg_customers_customer_id.c7614daada
[0m22:55:37.185813 [debug] [Thread-4 (]: Writing injected SQL for node "test.retail_customer_360.not_null_stg_customers_customer_id.e2cfb1f9aa"
[0m22:55:37.192895 [debug] [Thread-1 (]: Writing injected SQL for node "test.retail_customer_360.not_null_stg_customers_signup_date.ef12d9c335"
[0m22:55:37.193481 [debug] [Thread-3 (]: Began compiling node test.retail_customer_360.not_null_stg_products_price.2d147627d4
[0m22:55:37.204492 [debug] [Thread-2 (]: Writing injected SQL for node "test.retail_customer_360.unique_stg_customers_customer_id.c7614daada"
[0m22:55:37.217801 [debug] [Thread-3 (]: Writing injected SQL for node "test.retail_customer_360.not_null_stg_products_price.2d147627d4"
[0m22:55:37.240611 [debug] [Thread-4 (]: Began executing node test.retail_customer_360.not_null_stg_customers_customer_id.e2cfb1f9aa
[0m22:55:37.241730 [debug] [Thread-1 (]: Began executing node test.retail_customer_360.not_null_stg_customers_signup_date.ef12d9c335
[0m22:55:37.243133 [debug] [Thread-3 (]: Began executing node test.retail_customer_360.not_null_stg_products_price.2d147627d4
[0m22:55:37.256315 [debug] [Thread-2 (]: Began executing node test.retail_customer_360.unique_stg_customers_customer_id.c7614daada
[0m22:55:37.278390 [debug] [Thread-3 (]: Writing runtime sql for node "test.retail_customer_360.not_null_stg_products_price.2d147627d4"
[0m22:55:37.279705 [debug] [Thread-1 (]: Writing runtime sql for node "test.retail_customer_360.not_null_stg_customers_signup_date.ef12d9c335"
[0m22:55:37.282048 [debug] [Thread-4 (]: Writing runtime sql for node "test.retail_customer_360.not_null_stg_customers_customer_id.e2cfb1f9aa"
[0m22:55:37.286459 [debug] [Thread-2 (]: Writing runtime sql for node "test.retail_customer_360.unique_stg_customers_customer_id.c7614daada"
[0m22:55:37.313126 [debug] [Thread-3 (]: Using postgres connection "test.retail_customer_360.not_null_stg_products_price.2d147627d4"
[0m22:55:37.316498 [debug] [Thread-3 (]: On test.retail_customer_360.not_null_stg_products_price.2d147627d4: /* {"app": "dbt", "dbt_version": "1.12.5", "profile_name": "retail_customer_360", "target_name": "dev", "node_id": "test.retail_customer_360.not_null_stg_products_price.2d147627d4"} */

    
    select
      count(*) as failures,
      count(*) != 0 as should_warn,
      count(*) != 0 as should_error
    from (
      
    
  
    
    



select price
from "retaildb"."public_retail_dbt_staging"."stg_products"
where price is null



  
  
      
    ) dbt_internal_test
[0m22:55:37.318023 [debug] [Thread-4 (]: Using postgres connection "test.retail_customer_360.not_null_stg_customers_customer_id.e2cfb1f9aa"
[0m22:55:37.318755 [debug] [Thread-1 (]: Using postgres connection "test.retail_customer_360.not_null_stg_customers_signup_date.ef12d9c335"
[0m22:55:37.319244 [debug] [Thread-3 (]: Opening a new connection, currently in state closed
[0m22:55:37.321754 [debug] [Thread-4 (]: On test.retail_customer_360.not_null_stg_customers_customer_id.e2cfb1f9aa: /* {"app": "dbt", "dbt_version": "1.12.5", "profile_name": "retail_customer_360", "target_name": "dev", "node_id": "test.retail_customer_360.not_null_stg_customers_customer_id.e2cfb1f9aa"} */

    
    select
      count(*) as failures,
      count(*) != 0 as should_warn,
      count(*) != 0 as should_error
    from (
      
    
  
    
    



select customer_id
from "retaildb"."public_retail_dbt_staging"."stg_customers"
where customer_id is null



  
  
      
    ) dbt_internal_test
[0m22:55:37.323538 [debug] [Thread-2 (]: Using postgres connection "test.retail_customer_360.unique_stg_customers_customer_id.c7614daada"
[0m22:55:37.324073 [debug] [Thread-1 (]: On test.retail_customer_360.not_null_stg_customers_signup_date.ef12d9c335: /* {"app": "dbt", "dbt_version": "1.12.5", "profile_name": "retail_customer_360", "target_name": "dev", "node_id": "test.retail_customer_360.not_null_stg_customers_signup_date.ef12d9c335"} */

    
    select
      count(*) as failures,
      count(*) != 0 as should_warn,
      count(*) != 0 as should_error
    from (
      
    
  
    
    



select signup_date
from "retaildb"."public_retail_dbt_staging"."stg_customers"
where signup_date is null



  
  
      
    ) dbt_internal_test
[0m22:55:37.328872 [debug] [Thread-4 (]: Opening a new connection, currently in state init
[0m22:55:37.332671 [debug] [Thread-2 (]: On test.retail_customer_360.unique_stg_customers_customer_id.c7614daada: /* {"app": "dbt", "dbt_version": "1.12.5", "profile_name": "retail_customer_360", "target_name": "dev", "node_id": "test.retail_customer_360.unique_stg_customers_customer_id.c7614daada"} */

    
    select
      count(*) as failures,
      count(*) != 0 as should_warn,
      count(*) != 0 as should_error
    from (
      
    
  
    
    

select
    customer_id as unique_field,
    count(*) as n_records

from "retaildb"."public_retail_dbt_staging"."stg_customers"
where customer_id is not null
group by customer_id
having count(*) > 1



  
  
      
    ) dbt_internal_test
[0m22:55:37.334821 [debug] [Thread-1 (]: Opening a new connection, currently in state closed
[0m22:55:37.339764 [debug] [Thread-2 (]: Opening a new connection, currently in state closed
[0m22:55:37.341195 [debug] [Thread-3 (]: SQL status: SELECT 1 in 0.022 seconds
[0m22:55:37.355632 [debug] [Thread-3 (]: On test.retail_customer_360.not_null_stg_products_price.2d147627d4: ROLLBACK
[0m22:55:37.359527 [debug] [Thread-4 (]: SQL status: SELECT 1 in 0.030 seconds
[0m22:55:37.360654 [debug] [Thread-1 (]: SQL status: SELECT 1 in 0.026 seconds
[0m22:55:37.361940 [debug] [Thread-3 (]: On test.retail_customer_360.not_null_stg_products_price.2d147627d4: Close
[0m22:55:37.365629 [debug] [Thread-4 (]: On test.retail_customer_360.not_null_stg_customers_customer_id.e2cfb1f9aa: ROLLBACK
[0m22:55:37.366593 [debug] [Thread-2 (]: SQL status: SELECT 1 in 0.027 seconds
[0m22:55:37.369893 [debug] [Thread-1 (]: On test.retail_customer_360.not_null_stg_customers_signup_date.ef12d9c335: ROLLBACK
[0m22:55:37.372878 [info ] [Thread-3 (]: 7 of 21 PASS not_null_stg_products_price ....................................... [[32mPASS[0m in 0.20s]
[0m22:55:37.374853 [debug] [Thread-4 (]: On test.retail_customer_360.not_null_stg_customers_customer_id.e2cfb1f9aa: Close
[0m22:55:37.378019 [debug] [Thread-2 (]: On test.retail_customer_360.unique_stg_customers_customer_id.c7614daada: ROLLBACK
[0m22:55:37.380964 [debug] [Thread-1 (]: On test.retail_customer_360.not_null_stg_customers_signup_date.ef12d9c335: Close
[0m22:55:37.382888 [debug] [Thread-3 (]: Finished running node test.retail_customer_360.not_null_stg_products_price.2d147627d4
[0m22:55:37.385988 [info ] [Thread-4 (]: 4 of 21 PASS not_null_stg_customers_customer_id ................................ [[32mPASS[0m in 0.23s]
[0m22:55:37.387305 [debug] [Thread-2 (]: On test.retail_customer_360.unique_stg_customers_customer_id.c7614daada: Close
[0m22:55:37.388777 [info ] [Thread-1 (]: 5 of 21 PASS not_null_stg_customers_signup_date ................................ [[32mPASS[0m in 0.23s]
[0m22:55:37.390015 [debug] [Thread-3 (]: Began running node test.retail_customer_360.not_null_stg_products_product_id.6373b0acf3
[0m22:55:37.392362 [debug] [Thread-4 (]: Finished running node test.retail_customer_360.not_null_stg_customers_customer_id.e2cfb1f9aa
[0m22:55:37.394644 [info ] [Thread-2 (]: 6 of 21 PASS unique_stg_customers_customer_id .................................. [[32mPASS[0m in 0.23s]
[0m22:55:37.395689 [debug] [Thread-1 (]: Finished running node test.retail_customer_360.not_null_stg_customers_signup_date.ef12d9c335
[0m22:55:37.397908 [info ] [Thread-3 (]: 8 of 21 START test not_null_stg_products_product_id ............................ [RUN]
[0m22:55:37.400127 [debug] [Thread-4 (]: Began running node test.retail_customer_360.unique_stg_products_product_id.7d950a1467
[0m22:55:37.402491 [debug] [Thread-2 (]: Finished running node test.retail_customer_360.unique_stg_customers_customer_id.c7614daada
[0m22:55:37.404766 [debug] [Thread-1 (]: Began running node test.retail_customer_360.not_null_stg_sales_customer_id.af88ce3793
[0m22:55:37.407761 [debug] [Thread-3 (]: Re-using an available connection from the pool (formerly test.retail_customer_360.not_null_stg_products_price.2d147627d4, now test.retail_customer_360.not_null_stg_products_product_id.6373b0acf3)
[0m22:55:37.410151 [info ] [Thread-4 (]: 9 of 21 START test unique_stg_products_product_id .............................. [RUN]
[0m22:55:37.412321 [debug] [Thread-2 (]: Began running node test.retail_customer_360.not_null_stg_sales_product_id.f0a6c99276
[0m22:55:37.414660 [info ] [Thread-1 (]: 10 of 21 START test not_null_stg_sales_customer_id ............................. [RUN]
[0m22:55:37.417091 [debug] [Thread-3 (]: Began compiling node test.retail_customer_360.not_null_stg_products_product_id.6373b0acf3
[0m22:55:37.419738 [debug] [Thread-4 (]: Re-using an available connection from the pool (formerly test.retail_customer_360.not_null_stg_customers_customer_id.e2cfb1f9aa, now test.retail_customer_360.unique_stg_products_product_id.7d950a1467)
[0m22:55:37.422146 [info ] [Thread-2 (]: 11 of 21 START test not_null_stg_sales_product_id .............................. [RUN]
[0m22:55:37.424142 [debug] [Thread-1 (]: Re-using an available connection from the pool (formerly test.retail_customer_360.not_null_stg_customers_signup_date.ef12d9c335, now test.retail_customer_360.not_null_stg_sales_customer_id.af88ce3793)
[0m22:55:37.433573 [debug] [Thread-3 (]: Writing injected SQL for node "test.retail_customer_360.not_null_stg_products_product_id.6373b0acf3"
[0m22:55:37.434120 [debug] [Thread-4 (]: Began compiling node test.retail_customer_360.unique_stg_products_product_id.7d950a1467
[0m22:55:37.436528 [debug] [Thread-2 (]: Re-using an available connection from the pool (formerly test.retail_customer_360.unique_stg_customers_customer_id.c7614daada, now test.retail_customer_360.not_null_stg_sales_product_id.f0a6c99276)
[0m22:55:37.438779 [debug] [Thread-1 (]: Began compiling node test.retail_customer_360.not_null_stg_sales_customer_id.af88ce3793
[0m22:55:37.449963 [debug] [Thread-4 (]: Writing injected SQL for node "test.retail_customer_360.unique_stg_products_product_id.7d950a1467"
[0m22:55:37.450881 [debug] [Thread-2 (]: Began compiling node test.retail_customer_360.not_null_stg_sales_product_id.f0a6c99276
[0m22:55:37.460201 [debug] [Thread-1 (]: Writing injected SQL for node "test.retail_customer_360.not_null_stg_sales_customer_id.af88ce3793"
[0m22:55:37.470585 [debug] [Thread-2 (]: Writing injected SQL for node "test.retail_customer_360.not_null_stg_sales_product_id.f0a6c99276"
[0m22:55:37.476835 [debug] [Thread-3 (]: Began executing node test.retail_customer_360.not_null_stg_products_product_id.6373b0acf3
[0m22:55:37.477423 [debug] [Thread-4 (]: Began executing node test.retail_customer_360.unique_stg_products_product_id.7d950a1467
[0m22:55:37.480325 [debug] [Thread-3 (]: Writing runtime sql for node "test.retail_customer_360.not_null_stg_products_product_id.6373b0acf3"
[0m22:55:37.485795 [debug] [Thread-4 (]: Writing runtime sql for node "test.retail_customer_360.unique_stg_products_product_id.7d950a1467"
[0m22:55:37.488433 [debug] [Thread-1 (]: Began executing node test.retail_customer_360.not_null_stg_sales_customer_id.af88ce3793
[0m22:55:37.490621 [debug] [Thread-2 (]: Began executing node test.retail_customer_360.not_null_stg_sales_product_id.f0a6c99276
[0m22:55:37.493384 [debug] [Thread-1 (]: Writing runtime sql for node "test.retail_customer_360.not_null_stg_sales_customer_id.af88ce3793"
[0m22:55:37.497056 [debug] [Thread-2 (]: Writing runtime sql for node "test.retail_customer_360.not_null_stg_sales_product_id.f0a6c99276"
[0m22:55:37.511467 [debug] [Thread-4 (]: Using postgres connection "test.retail_customer_360.unique_stg_products_product_id.7d950a1467"
[0m22:55:37.513426 [debug] [Thread-4 (]: On test.retail_customer_360.unique_stg_products_product_id.7d950a1467: /* {"app": "dbt", "dbt_version": "1.12.5", "profile_name": "retail_customer_360", "target_name": "dev", "node_id": "test.retail_customer_360.unique_stg_products_product_id.7d950a1467"} */

    
    select
      count(*) as failures,
      count(*) != 0 as should_warn,
      count(*) != 0 as should_error
    from (
      
    
  
    
    

select
    product_id as unique_field,
    count(*) as n_records

from "retaildb"."public_retail_dbt_staging"."stg_products"
where product_id is not null
group by product_id
having count(*) > 1



  
  
      
    ) dbt_internal_test
[0m22:55:37.515177 [debug] [Thread-3 (]: Using postgres connection "test.retail_customer_360.not_null_stg_products_product_id.6373b0acf3"
[0m22:55:37.515707 [debug] [Thread-4 (]: Opening a new connection, currently in state closed
[0m22:55:37.516674 [debug] [Thread-1 (]: Using postgres connection "test.retail_customer_360.not_null_stg_sales_customer_id.af88ce3793"
[0m22:55:37.518170 [debug] [Thread-3 (]: On test.retail_customer_360.not_null_stg_products_product_id.6373b0acf3: /* {"app": "dbt", "dbt_version": "1.12.5", "profile_name": "retail_customer_360", "target_name": "dev", "node_id": "test.retail_customer_360.not_null_stg_products_product_id.6373b0acf3"} */

    
    select
      count(*) as failures,
      count(*) != 0 as should_warn,
      count(*) != 0 as should_error
    from (
      
    
  
    
    



select product_id
from "retaildb"."public_retail_dbt_staging"."stg_products"
where product_id is null



  
  
      
    ) dbt_internal_test
[0m22:55:37.520455 [debug] [Thread-2 (]: Using postgres connection "test.retail_customer_360.not_null_stg_sales_product_id.f0a6c99276"
[0m22:55:37.522309 [debug] [Thread-1 (]: On test.retail_customer_360.not_null_stg_sales_customer_id.af88ce3793: /* {"app": "dbt", "dbt_version": "1.12.5", "profile_name": "retail_customer_360", "target_name": "dev", "node_id": "test.retail_customer_360.not_null_stg_sales_customer_id.af88ce3793"} */

    
    select
      count(*) as failures,
      count(*) != 0 as should_warn,
      count(*) != 0 as should_error
    from (
      
    
  
    
    



select customer_id
from "retaildb"."public_retail_dbt_staging"."stg_sales"
where customer_id is null



  
  
      
    ) dbt_internal_test
[0m22:55:37.524485 [debug] [Thread-3 (]: Opening a new connection, currently in state closed
[0m22:55:37.526448 [debug] [Thread-2 (]: On test.retail_customer_360.not_null_stg_sales_product_id.f0a6c99276: /* {"app": "dbt", "dbt_version": "1.12.5", "profile_name": "retail_customer_360", "target_name": "dev", "node_id": "test.retail_customer_360.not_null_stg_sales_product_id.f0a6c99276"} */

    
    select
      count(*) as failures,
      count(*) != 0 as should_warn,
      count(*) != 0 as should_error
    from (
      
    
  
    
    



select product_id
from "retaildb"."public_retail_dbt_staging"."stg_sales"
where product_id is null



  
  
      
    ) dbt_internal_test
[0m22:55:37.527837 [debug] [Thread-1 (]: Opening a new connection, currently in state closed
[0m22:55:37.530143 [debug] [Thread-4 (]: SQL status: SELECT 1 in 0.014 seconds
[0m22:55:37.531193 [debug] [Thread-2 (]: Opening a new connection, currently in state closed
[0m22:55:37.535931 [debug] [Thread-4 (]: On test.retail_customer_360.unique_stg_products_product_id.7d950a1467: ROLLBACK
[0m22:55:37.537885 [debug] [Thread-3 (]: SQL status: SELECT 1 in 0.013 seconds
[0m22:55:37.539665 [debug] [Thread-4 (]: On test.retail_customer_360.unique_stg_products_product_id.7d950a1467: Close
[0m22:55:37.541837 [debug] [Thread-3 (]: On test.retail_customer_360.not_null_stg_products_product_id.6373b0acf3: ROLLBACK
[0m22:55:37.544020 [info ] [Thread-4 (]: 9 of 21 PASS unique_stg_products_product_id .................................... [[32mPASS[0m in 0.12s]
[0m22:55:37.544978 [debug] [Thread-1 (]: SQL status: SELECT 1 in 0.017 seconds
[0m22:55:37.546402 [debug] [Thread-3 (]: On test.retail_customer_360.not_null_stg_products_product_id.6373b0acf3: Close
[0m22:55:37.547045 [debug] [Thread-2 (]: SQL status: SELECT 1 in 0.016 seconds
[0m22:55:37.547745 [debug] [Thread-4 (]: Finished running node test.retail_customer_360.unique_stg_products_product_id.7d950a1467
[0m22:55:37.550532 [debug] [Thread-1 (]: On test.retail_customer_360.not_null_stg_sales_customer_id.af88ce3793: ROLLBACK
[0m22:55:37.552997 [info ] [Thread-3 (]: 8 of 21 PASS not_null_stg_products_product_id .................................. [[32mPASS[0m in 0.15s]
[0m22:55:37.555393 [debug] [Thread-2 (]: On test.retail_customer_360.not_null_stg_sales_product_id.f0a6c99276: ROLLBACK
[0m22:55:37.557531 [debug] [Thread-4 (]: Began running node test.retail_customer_360.not_null_stg_sales_quantity.0198ea4c12
[0m22:55:37.559204 [debug] [Thread-1 (]: On test.retail_customer_360.not_null_stg_sales_customer_id.af88ce3793: Close
[0m22:55:37.560220 [debug] [Thread-3 (]: Finished running node test.retail_customer_360.not_null_stg_products_product_id.6373b0acf3
[0m22:55:37.563032 [debug] [Thread-2 (]: On test.retail_customer_360.not_null_stg_sales_product_id.f0a6c99276: Close
[0m22:55:37.564073 [info ] [Thread-4 (]: 12 of 21 START test not_null_stg_sales_quantity ................................ [RUN]
[0m22:55:37.566431 [info ] [Thread-1 (]: 10 of 21 PASS not_null_stg_sales_customer_id ................................... [[32mPASS[0m in 0.14s]
[0m22:55:37.567256 [debug] [Thread-3 (]: Began running node test.retail_customer_360.not_null_stg_sales_sale_id.6b07c53929
[0m22:55:37.569618 [info ] [Thread-2 (]: 11 of 21 PASS not_null_stg_sales_product_id .................................... [[32mPASS[0m in 0.13s]
[0m22:55:37.570488 [debug] [Thread-4 (]: Re-using an available connection from the pool (formerly test.retail_customer_360.unique_stg_products_product_id.7d950a1467, now test.retail_customer_360.not_null_stg_sales_quantity.0198ea4c12)
[0m22:55:37.572630 [debug] [Thread-1 (]: Finished running node test.retail_customer_360.not_null_stg_sales_customer_id.af88ce3793
[0m22:55:37.574031 [info ] [Thread-3 (]: 13 of 21 START test not_null_stg_sales_sale_id ................................. [RUN]
[0m22:55:37.575800 [debug] [Thread-2 (]: Finished running node test.retail_customer_360.not_null_stg_sales_product_id.f0a6c99276
[0m22:55:37.577657 [debug] [Thread-4 (]: Began compiling node test.retail_customer_360.not_null_stg_sales_quantity.0198ea4c12
[0m22:55:37.579701 [debug] [Thread-1 (]: Began running node test.retail_customer_360.not_null_stg_sales_unit_price.1990b54df6
[0m22:55:37.581772 [debug] [Thread-3 (]: Re-using an available connection from the pool (formerly test.retail_customer_360.not_null_stg_products_product_id.6373b0acf3, now test.retail_customer_360.not_null_stg_sales_sale_id.6b07c53929)
[0m22:55:37.583553 [debug] [Thread-2 (]: Began running node test.retail_customer_360.relationships_stg_sales_customer_id__customer_id__ref_stg_customers_.f88f1dcfca
[0m22:55:37.593048 [debug] [Thread-4 (]: Writing injected SQL for node "test.retail_customer_360.not_null_stg_sales_quantity.0198ea4c12"
[0m22:55:37.595371 [info ] [Thread-1 (]: 14 of 21 START test not_null_stg_sales_unit_price .............................. [RUN]
[0m22:55:37.597812 [debug] [Thread-3 (]: Began compiling node test.retail_customer_360.not_null_stg_sales_sale_id.6b07c53929
[0m22:55:37.599813 [info ] [Thread-2 (]: 15 of 21 START test relationships_stg_sales_customer_id__customer_id__ref_stg_customers_  [RUN]
[0m22:55:37.603269 [debug] [Thread-1 (]: Re-using an available connection from the pool (formerly test.retail_customer_360.not_null_stg_sales_customer_id.af88ce3793, now test.retail_customer_360.not_null_stg_sales_unit_price.1990b54df6)
[0m22:55:37.612815 [debug] [Thread-3 (]: Writing injected SQL for node "test.retail_customer_360.not_null_stg_sales_sale_id.6b07c53929"
[0m22:55:37.613418 [debug] [Thread-2 (]: Re-using an available connection from the pool (formerly test.retail_customer_360.not_null_stg_sales_product_id.f0a6c99276, now test.retail_customer_360.relationships_stg_sales_customer_id__customer_id__ref_stg_customers_.f88f1dcfca)
[0m22:55:37.615305 [debug] [Thread-1 (]: Began compiling node test.retail_customer_360.not_null_stg_sales_unit_price.1990b54df6
[0m22:55:37.618785 [debug] [Thread-2 (]: Began compiling node test.retail_customer_360.relationships_stg_sales_customer_id__customer_id__ref_stg_customers_.f88f1dcfca
[0m22:55:37.629316 [debug] [Thread-1 (]: Writing injected SQL for node "test.retail_customer_360.not_null_stg_sales_unit_price.1990b54df6"
[0m22:55:37.644861 [debug] [Thread-2 (]: Writing injected SQL for node "test.retail_customer_360.relationships_stg_sales_customer_id__customer_id__ref_stg_customers_.f88f1dcfca"
[0m22:55:37.645680 [debug] [Thread-4 (]: Began executing node test.retail_customer_360.not_null_stg_sales_quantity.0198ea4c12
[0m22:55:37.650794 [debug] [Thread-3 (]: Began executing node test.retail_customer_360.not_null_stg_sales_sale_id.6b07c53929
[0m22:55:37.654542 [debug] [Thread-4 (]: Writing runtime sql for node "test.retail_customer_360.not_null_stg_sales_quantity.0198ea4c12"
[0m22:55:37.659677 [debug] [Thread-3 (]: Writing runtime sql for node "test.retail_customer_360.not_null_stg_sales_sale_id.6b07c53929"
[0m22:55:37.663318 [debug] [Thread-1 (]: Began executing node test.retail_customer_360.not_null_stg_sales_unit_price.1990b54df6
[0m22:55:37.668961 [debug] [Thread-1 (]: Writing runtime sql for node "test.retail_customer_360.not_null_stg_sales_unit_price.1990b54df6"
[0m22:55:37.669508 [debug] [Thread-2 (]: Began executing node test.retail_customer_360.relationships_stg_sales_customer_id__customer_id__ref_stg_customers_.f88f1dcfca
[0m22:55:37.674388 [debug] [Thread-2 (]: Writing runtime sql for node "test.retail_customer_360.relationships_stg_sales_customer_id__customer_id__ref_stg_customers_.f88f1dcfca"
[0m22:55:37.681922 [debug] [Thread-4 (]: Using postgres connection "test.retail_customer_360.not_null_stg_sales_quantity.0198ea4c12"
[0m22:55:37.685134 [debug] [Thread-4 (]: On test.retail_customer_360.not_null_stg_sales_quantity.0198ea4c12: /* {"app": "dbt", "dbt_version": "1.12.5", "profile_name": "retail_customer_360", "target_name": "dev", "node_id": "test.retail_customer_360.not_null_stg_sales_quantity.0198ea4c12"} */

    
    select
      count(*) as failures,
      count(*) != 0 as should_warn,
      count(*) != 0 as should_error
    from (
      
    
  
    
    



select quantity
from "retaildb"."public_retail_dbt_staging"."stg_sales"
where quantity is null



  
  
      
    ) dbt_internal_test
[0m22:55:37.686236 [debug] [Thread-3 (]: Using postgres connection "test.retail_customer_360.not_null_stg_sales_sale_id.6b07c53929"
[0m22:55:37.687127 [debug] [Thread-4 (]: Opening a new connection, currently in state closed
[0m22:55:37.688037 [debug] [Thread-1 (]: Using postgres connection "test.retail_customer_360.not_null_stg_sales_unit_price.1990b54df6"
[0m22:55:37.690341 [debug] [Thread-2 (]: Using postgres connection "test.retail_customer_360.relationships_stg_sales_customer_id__customer_id__ref_stg_customers_.f88f1dcfca"
[0m22:55:37.690852 [debug] [Thread-3 (]: On test.retail_customer_360.not_null_stg_sales_sale_id.6b07c53929: /* {"app": "dbt", "dbt_version": "1.12.5", "profile_name": "retail_customer_360", "target_name": "dev", "node_id": "test.retail_customer_360.not_null_stg_sales_sale_id.6b07c53929"} */

    
    select
      count(*) as failures,
      count(*) != 0 as should_warn,
      count(*) != 0 as should_error
    from (
      
    
  
    
    



select sale_id
from "retaildb"."public_retail_dbt_staging"."stg_sales"
where sale_id is null



  
  
      
    ) dbt_internal_test
[0m22:55:37.693893 [debug] [Thread-1 (]: On test.retail_customer_360.not_null_stg_sales_unit_price.1990b54df6: /* {"app": "dbt", "dbt_version": "1.12.5", "profile_name": "retail_customer_360", "target_name": "dev", "node_id": "test.retail_customer_360.not_null_stg_sales_unit_price.1990b54df6"} */

    
    select
      count(*) as failures,
      count(*) != 0 as should_warn,
      count(*) != 0 as should_error
    from (
      
    
  
    
    



select unit_price
from "retaildb"."public_retail_dbt_staging"."stg_sales"
where unit_price is null



  
  
      
    ) dbt_internal_test
[0m22:55:37.695615 [debug] [Thread-2 (]: On test.retail_customer_360.relationships_stg_sales_customer_id__customer_id__ref_stg_customers_.f88f1dcfca: /* {"app": "dbt", "dbt_version": "1.12.5", "profile_name": "retail_customer_360", "target_name": "dev", "node_id": "test.retail_customer_360.relationships_stg_sales_customer_id__customer_id__ref_stg_customers_.f88f1dcfca"} */

    
    select
      count(*) as failures,
      count(*) != 0 as should_warn,
      count(*) != 0 as should_error
    from (
      
    
  
    
    

with child as (
    select customer_id as from_field
    from "retaildb"."public_retail_dbt_staging"."stg_sales"
    where customer_id is not null
),

parent as (
    select customer_id as to_field
    from "retaildb"."public_retail_dbt_staging"."stg_customers"
)

select
    from_field

from child
left join parent
    on child.from_field = parent.to_field

where parent.to_field is null



  
  
      
    ) dbt_internal_test
[0m22:55:37.697290 [debug] [Thread-3 (]: Opening a new connection, currently in state closed
[0m22:55:37.698969 [debug] [Thread-1 (]: Opening a new connection, currently in state closed
[0m22:55:37.700663 [debug] [Thread-4 (]: SQL status: SELECT 1 in 0.014 seconds
[0m22:55:37.701440 [debug] [Thread-2 (]: Opening a new connection, currently in state closed
[0m22:55:37.708018 [debug] [Thread-4 (]: On test.retail_customer_360.not_null_stg_sales_quantity.0198ea4c12: ROLLBACK
[0m22:55:37.712272 [debug] [Thread-3 (]: SQL status: SELECT 1 in 0.015 seconds
[0m22:55:37.713122 [debug] [Thread-1 (]: SQL status: SELECT 1 in 0.014 seconds
[0m22:55:37.713687 [debug] [Thread-4 (]: On test.retail_customer_360.not_null_stg_sales_quantity.0198ea4c12: Close
[0m22:55:37.716264 [debug] [Thread-3 (]: On test.retail_customer_360.not_null_stg_sales_sale_id.6b07c53929: ROLLBACK
[0m22:55:37.719138 [debug] [Thread-1 (]: On test.retail_customer_360.not_null_stg_sales_unit_price.1990b54df6: ROLLBACK
[0m22:55:37.721347 [info ] [Thread-4 (]: 12 of 21 PASS not_null_stg_sales_quantity ...................................... [[32mPASS[0m in 0.15s]
[0m22:55:37.722504 [debug] [Thread-3 (]: On test.retail_customer_360.not_null_stg_sales_sale_id.6b07c53929: Close
[0m22:55:37.723273 [debug] [Thread-2 (]: SQL status: SELECT 1 in 0.022 seconds
[0m22:55:37.723914 [debug] [Thread-1 (]: On test.retail_customer_360.not_null_stg_sales_unit_price.1990b54df6: Close
[0m22:55:37.725870 [debug] [Thread-4 (]: Finished running node test.retail_customer_360.not_null_stg_sales_quantity.0198ea4c12
[0m22:55:37.728042 [info ] [Thread-3 (]: 13 of 21 PASS not_null_stg_sales_sale_id ....................................... [[32mPASS[0m in 0.15s]
[0m22:55:37.730479 [debug] [Thread-2 (]: On test.retail_customer_360.relationships_stg_sales_customer_id__customer_id__ref_stg_customers_.f88f1dcfca: ROLLBACK
[0m22:55:37.732797 [info ] [Thread-1 (]: 14 of 21 PASS not_null_stg_sales_unit_price .................................... [[32mPASS[0m in 0.13s]
[0m22:55:37.734258 [debug] [Thread-4 (]: Began running node test.retail_customer_360.relationships_stg_sales_product_id__product_id__ref_stg_products_.57e6472e6d
[0m22:55:37.735977 [debug] [Thread-3 (]: Finished running node test.retail_customer_360.not_null_stg_sales_sale_id.6b07c53929
[0m22:55:37.737636 [debug] [Thread-2 (]: On test.retail_customer_360.relationships_stg_sales_customer_id__customer_id__ref_stg_customers_.f88f1dcfca: Close
[0m22:55:37.738769 [debug] [Thread-1 (]: Finished running node test.retail_customer_360.not_null_stg_sales_unit_price.1990b54df6
[0m22:55:37.740925 [info ] [Thread-4 (]: 16 of 21 START test relationships_stg_sales_product_id__product_id__ref_stg_products_  [RUN]
[0m22:55:37.742897 [debug] [Thread-3 (]: Began running node test.retail_customer_360.unique_stg_sales_sale_id.8a4f7c9521
[0m22:55:37.745333 [info ] [Thread-2 (]: 15 of 21 PASS relationships_stg_sales_customer_id__customer_id__ref_stg_customers_  [[32mPASS[0m in 0.13s]
[0m22:55:37.747379 [debug] [Thread-4 (]: Re-using an available connection from the pool (formerly test.retail_customer_360.not_null_stg_sales_quantity.0198ea4c12, now test.retail_customer_360.relationships_stg_sales_product_id__product_id__ref_stg_products_.57e6472e6d)
[0m22:55:37.749196 [info ] [Thread-3 (]: 17 of 21 START test unique_stg_sales_sale_id ................................... [RUN]
[0m22:55:37.751482 [debug] [Thread-2 (]: Finished running node test.retail_customer_360.relationships_stg_sales_customer_id__customer_id__ref_stg_customers_.f88f1dcfca
[0m22:55:37.753201 [debug] [Thread-4 (]: Began compiling node test.retail_customer_360.relationships_stg_sales_product_id__product_id__ref_stg_products_.57e6472e6d
[0m22:55:37.754882 [debug] [Thread-3 (]: Re-using an available connection from the pool (formerly test.retail_customer_360.not_null_stg_sales_sale_id.6b07c53929, now test.retail_customer_360.unique_stg_sales_sale_id.8a4f7c9521)
[0m22:55:37.769918 [debug] [Thread-3 (]: Began compiling node test.retail_customer_360.unique_stg_sales_sale_id.8a4f7c9521
[0m22:55:37.770831 [debug] [Thread-4 (]: Writing injected SQL for node "test.retail_customer_360.relationships_stg_sales_product_id__product_id__ref_stg_products_.57e6472e6d"
[0m22:55:37.778461 [debug] [Thread-3 (]: Writing injected SQL for node "test.retail_customer_360.unique_stg_sales_sale_id.8a4f7c9521"
[0m22:55:37.798464 [debug] [Thread-4 (]: Began executing node test.retail_customer_360.relationships_stg_sales_product_id__product_id__ref_stg_products_.57e6472e6d
[0m22:55:37.801799 [debug] [Thread-4 (]: Writing runtime sql for node "test.retail_customer_360.relationships_stg_sales_product_id__product_id__ref_stg_products_.57e6472e6d"
[0m22:55:37.802496 [debug] [Thread-3 (]: Began executing node test.retail_customer_360.unique_stg_sales_sale_id.8a4f7c9521
[0m22:55:37.807341 [debug] [Thread-3 (]: Writing runtime sql for node "test.retail_customer_360.unique_stg_sales_sale_id.8a4f7c9521"
[0m22:55:37.831118 [debug] [Thread-3 (]: Using postgres connection "test.retail_customer_360.unique_stg_sales_sale_id.8a4f7c9521"
[0m22:55:37.833014 [debug] [Thread-4 (]: Using postgres connection "test.retail_customer_360.relationships_stg_sales_product_id__product_id__ref_stg_products_.57e6472e6d"
[0m22:55:37.834865 [debug] [Thread-3 (]: On test.retail_customer_360.unique_stg_sales_sale_id.8a4f7c9521: /* {"app": "dbt", "dbt_version": "1.12.5", "profile_name": "retail_customer_360", "target_name": "dev", "node_id": "test.retail_customer_360.unique_stg_sales_sale_id.8a4f7c9521"} */

    
    select
      count(*) as failures,
      count(*) != 0 as should_warn,
      count(*) != 0 as should_error
    from (
      
    
  
    
    

select
    sale_id as unique_field,
    count(*) as n_records

from "retaildb"."public_retail_dbt_staging"."stg_sales"
where sale_id is not null
group by sale_id
having count(*) > 1



  
  
      
    ) dbt_internal_test
[0m22:55:37.837215 [debug] [Thread-4 (]: On test.retail_customer_360.relationships_stg_sales_product_id__product_id__ref_stg_products_.57e6472e6d: /* {"app": "dbt", "dbt_version": "1.12.5", "profile_name": "retail_customer_360", "target_name": "dev", "node_id": "test.retail_customer_360.relationships_stg_sales_product_id__product_id__ref_stg_products_.57e6472e6d"} */

    
    select
      count(*) as failures,
      count(*) != 0 as should_warn,
      count(*) != 0 as should_error
    from (
      
    
  
    
    

with child as (
    select product_id as from_field
    from "retaildb"."public_retail_dbt_staging"."stg_sales"
    where product_id is not null
),

parent as (
    select product_id as to_field
    from "retaildb"."public_retail_dbt_staging"."stg_products"
)

select
    from_field

from child
left join parent
    on child.from_field = parent.to_field

where parent.to_field is null



  
  
      
    ) dbt_internal_test
[0m22:55:37.839650 [debug] [Thread-3 (]: Opening a new connection, currently in state closed
[0m22:55:37.842635 [debug] [Thread-4 (]: Opening a new connection, currently in state closed
[0m22:55:37.863896 [debug] [Thread-3 (]: SQL status: SELECT 1 in 0.024 seconds
[0m22:55:37.865661 [debug] [Thread-4 (]: SQL status: SELECT 1 in 0.023 seconds
[0m22:55:37.868558 [debug] [Thread-3 (]: On test.retail_customer_360.unique_stg_sales_sale_id.8a4f7c9521: ROLLBACK
[0m22:55:37.873735 [debug] [Thread-4 (]: On test.retail_customer_360.relationships_stg_sales_product_id__product_id__ref_stg_products_.57e6472e6d: ROLLBACK
[0m22:55:37.876832 [debug] [Thread-3 (]: On test.retail_customer_360.unique_stg_sales_sale_id.8a4f7c9521: Close
[0m22:55:37.878685 [debug] [Thread-4 (]: On test.retail_customer_360.relationships_stg_sales_product_id__product_id__ref_stg_products_.57e6472e6d: Close
[0m22:55:37.880343 [info ] [Thread-3 (]: 17 of 21 PASS unique_stg_sales_sale_id ......................................... [[32mPASS[0m in 0.13s]
[0m22:55:37.881750 [info ] [Thread-4 (]: 16 of 21 PASS relationships_stg_sales_product_id__product_id__ref_stg_products_  [[32mPASS[0m in 0.13s]
[0m22:55:37.883670 [debug] [Thread-3 (]: Finished running node test.retail_customer_360.unique_stg_sales_sale_id.8a4f7c9521
[0m22:55:37.886070 [debug] [Thread-4 (]: Finished running node test.retail_customer_360.relationships_stg_sales_product_id__product_id__ref_stg_products_.57e6472e6d
[0m22:55:37.891574 [debug] [Thread-1 (]: Began running node model.retail_customer_360.int_sales_enriched
[0m22:55:37.894186 [info ] [Thread-1 (]: 18 of 21 START sql table model public_retail_dbt_intermediate.int_sales_enriched  [RUN]
[0m22:55:37.896432 [debug] [Thread-1 (]: Re-using an available connection from the pool (formerly test.retail_customer_360.not_null_stg_sales_unit_price.1990b54df6, now model.retail_customer_360.int_sales_enriched)
[0m22:55:37.898865 [debug] [Thread-1 (]: Began compiling node model.retail_customer_360.int_sales_enriched
[0m22:55:37.904487 [debug] [Thread-1 (]: Writing injected SQL for node "model.retail_customer_360.int_sales_enriched"
[0m22:55:37.947780 [debug] [Thread-1 (]: Began executing node model.retail_customer_360.int_sales_enriched
[0m22:55:37.984786 [debug] [Thread-1 (]: Writing runtime sql for node "model.retail_customer_360.int_sales_enriched"
[0m22:55:38.020081 [debug] [Thread-1 (]: Using postgres connection "model.retail_customer_360.int_sales_enriched"
[0m22:55:38.023291 [debug] [Thread-1 (]: On model.retail_customer_360.int_sales_enriched: /* {"app": "dbt", "dbt_version": "1.12.5", "profile_name": "retail_customer_360", "target_name": "dev", "node_id": "model.retail_customer_360.int_sales_enriched"} */

  
    

  create  table "retaildb"."public_retail_dbt_intermediate"."int_sales_enriched__dbt_tmp"
  
  
    as
  
  (
    with sales as (

    select *
    from "retaildb"."public_retail_dbt_staging"."stg_sales"

),

customers as (

    select *
    from "retaildb"."public_retail_dbt_staging"."stg_customers"

),

products as (

    select *
    from "retaildb"."public_retail_dbt_staging"."stg_products"

)

select
    s.sale_id,
    s.customer_id,
    s.product_id,
    s.timestamp,
    s.quantity,
    s.unit_price,

    c.signup_date,
    c.city,
    c.segment,

    p.category,
    p.brand,
    p.description,
    p.price as product_price,

    s.quantity * s.unit_price as total_line

from sales s

left join customers c
    on s.customer_id = c.customer_id

left join products p
    on s.product_id = p.product_id
  );
  
[0m22:55:38.025970 [debug] [Thread-1 (]: Opening a new connection, currently in state closed
[0m22:55:38.060493 [debug] [Thread-1 (]: SQL status: SELECT 1000 in 0.034 seconds
[0m22:55:38.073896 [debug] [Thread-1 (]: Using postgres connection "model.retail_customer_360.int_sales_enriched"
[0m22:55:38.076378 [debug] [Thread-1 (]: On model.retail_customer_360.int_sales_enriched: /* {"app": "dbt", "dbt_version": "1.12.5", "profile_name": "retail_customer_360", "target_name": "dev", "node_id": "model.retail_customer_360.int_sales_enriched"} */
alter table "retaildb"."public_retail_dbt_intermediate"."int_sales_enriched" rename to "int_sales_enriched__dbt_backup"
[0m22:55:38.079632 [debug] [Thread-1 (]: SQL status: ALTER TABLE in 0.001 seconds
[0m22:55:38.083706 [debug] [Thread-1 (]: Using postgres connection "model.retail_customer_360.int_sales_enriched"
[0m22:55:38.085817 [debug] [Thread-1 (]: On model.retail_customer_360.int_sales_enriched: /* {"app": "dbt", "dbt_version": "1.12.5", "profile_name": "retail_customer_360", "target_name": "dev", "node_id": "model.retail_customer_360.int_sales_enriched"} */
alter table "retaildb"."public_retail_dbt_intermediate"."int_sales_enriched__dbt_tmp" rename to "int_sales_enriched"
[0m22:55:38.088213 [debug] [Thread-1 (]: SQL status: ALTER TABLE in 0.000 seconds
[0m22:55:38.092224 [debug] [Thread-1 (]: On model.retail_customer_360.int_sales_enriched: COMMIT
[0m22:55:38.095508 [debug] [Thread-1 (]: Using postgres connection "model.retail_customer_360.int_sales_enriched"
[0m22:55:38.097967 [debug] [Thread-1 (]: On model.retail_customer_360.int_sales_enriched: COMMIT
[0m22:55:38.104563 [debug] [Thread-1 (]: SQL status: COMMIT in 0.004 seconds
[0m22:55:38.108763 [debug] [Thread-1 (]: Applying DROP to: "retaildb"."public_retail_dbt_intermediate"."int_sales_enriched__dbt_backup"
[0m22:55:38.114744 [debug] [Thread-1 (]: Using postgres connection "model.retail_customer_360.int_sales_enriched"
[0m22:55:38.117128 [debug] [Thread-1 (]: On model.retail_customer_360.int_sales_enriched: /* {"app": "dbt", "dbt_version": "1.12.5", "profile_name": "retail_customer_360", "target_name": "dev", "node_id": "model.retail_customer_360.int_sales_enriched"} */
drop table if exists "retaildb"."public_retail_dbt_intermediate"."int_sales_enriched__dbt_backup" cascade
[0m22:55:38.122322 [debug] [Thread-1 (]: SQL status: DROP TABLE in 0.003 seconds
[0m22:55:38.125968 [debug] [Thread-1 (]: On model.retail_customer_360.int_sales_enriched: Close
[0m22:55:38.128388 [debug] [Thread-1 (]: Sending event: {'category': 'dbt', 'action': 'run_model', 'label': 'cee0706c-1f01-40ad-9c8d-b6d648adc9e4', 'context': [<snowplow_tracker.self_describing_json.SelfDescribingJson object at 0x748d521e78f0>]}
[0m22:55:38.130819 [info ] [Thread-1 (]: 18 of 21 OK created sql table model public_retail_dbt_intermediate.int_sales_enriched  [[32mSELECT 1000[0m in 0.23s]
[0m22:55:38.132969 [debug] [Thread-1 (]: Finished running node model.retail_customer_360.int_sales_enriched
[0m22:55:38.135822 [debug] [Thread-3 (]: Began running node model.retail_customer_360.customer_360
[0m22:55:38.138059 [info ] [Thread-3 (]: 19 of 21 START sql table model public_retail_dbt_mart.customer_360 ............. [RUN]
[0m22:55:38.141145 [debug] [Thread-3 (]: Re-using an available connection from the pool (formerly test.retail_customer_360.unique_stg_sales_sale_id.8a4f7c9521, now model.retail_customer_360.customer_360)
[0m22:55:38.142632 [debug] [Thread-3 (]: Began compiling node model.retail_customer_360.customer_360
[0m22:55:38.145967 [debug] [Thread-3 (]: Writing injected SQL for node "model.retail_customer_360.customer_360"
[0m22:55:38.174374 [debug] [Thread-3 (]: Began executing node model.retail_customer_360.customer_360
[0m22:55:38.179935 [debug] [Thread-3 (]: Writing runtime sql for node "model.retail_customer_360.customer_360"
[0m22:55:38.212132 [debug] [Thread-3 (]: Using postgres connection "model.retail_customer_360.customer_360"
[0m22:55:38.214698 [debug] [Thread-3 (]: On model.retail_customer_360.customer_360: /* {"app": "dbt", "dbt_version": "1.12.5", "profile_name": "retail_customer_360", "target_name": "dev", "node_id": "model.retail_customer_360.customer_360"} */

  
    

  create  table "retaildb"."public_retail_dbt_mart"."customer_360__dbt_tmp"
  
  
    as
  
  (
    with sales as (

    select *
    from "retaildb"."public_retail_dbt_intermediate"."int_sales_enriched"

),

customer_metrics as (

    select
        customer_id,

        max(city) as city,
        max(segment) as segment,
        max(signup_date) as signup_date,

        count(distinct sale_id) as total_purchases,

        sum(quantity) as total_quantity,

        sum(total_line) as total_spent,

        avg(total_line) as average_ticket,

        max(timestamp) as last_purchase_date,

        count(distinct product_id) as unique_products

    from sales

    group by customer_id

)

select
    customer_id,
    city,
    segment,
    signup_date,
    total_purchases,
    total_quantity,
    total_spent,
    average_ticket,
    last_purchase_date,
    unique_products

from customer_metrics
  );
  
[0m22:55:38.217109 [debug] [Thread-3 (]: Opening a new connection, currently in state closed
[0m22:55:38.242834 [debug] [Thread-3 (]: SQL status: SELECT 100 in 0.026 seconds
[0m22:55:38.249647 [debug] [Thread-3 (]: Using postgres connection "model.retail_customer_360.customer_360"
[0m22:55:38.253343 [debug] [Thread-3 (]: On model.retail_customer_360.customer_360: /* {"app": "dbt", "dbt_version": "1.12.5", "profile_name": "retail_customer_360", "target_name": "dev", "node_id": "model.retail_customer_360.customer_360"} */
alter table "retaildb"."public_retail_dbt_mart"."customer_360" rename to "customer_360__dbt_backup"
[0m22:55:38.257538 [debug] [Thread-3 (]: SQL status: ALTER TABLE in 0.001 seconds
[0m22:55:38.264136 [debug] [Thread-3 (]: Using postgres connection "model.retail_customer_360.customer_360"
[0m22:55:38.266973 [debug] [Thread-3 (]: On model.retail_customer_360.customer_360: /* {"app": "dbt", "dbt_version": "1.12.5", "profile_name": "retail_customer_360", "target_name": "dev", "node_id": "model.retail_customer_360.customer_360"} */
alter table "retaildb"."public_retail_dbt_mart"."customer_360__dbt_tmp" rename to "customer_360"
[0m22:55:38.270551 [debug] [Thread-3 (]: SQL status: ALTER TABLE in 0.000 seconds
[0m22:55:38.274980 [debug] [Thread-3 (]: On model.retail_customer_360.customer_360: COMMIT
[0m22:55:38.277207 [debug] [Thread-3 (]: Using postgres connection "model.retail_customer_360.customer_360"
[0m22:55:38.279354 [debug] [Thread-3 (]: On model.retail_customer_360.customer_360: COMMIT
[0m22:55:38.284026 [debug] [Thread-3 (]: SQL status: COMMIT in 0.002 seconds
[0m22:55:38.288733 [debug] [Thread-3 (]: Applying DROP to: "retaildb"."public_retail_dbt_mart"."customer_360__dbt_backup"
[0m22:55:38.291615 [debug] [Thread-3 (]: Using postgres connection "model.retail_customer_360.customer_360"
[0m22:55:38.294022 [debug] [Thread-3 (]: On model.retail_customer_360.customer_360: /* {"app": "dbt", "dbt_version": "1.12.5", "profile_name": "retail_customer_360", "target_name": "dev", "node_id": "model.retail_customer_360.customer_360"} */
drop table if exists "retaildb"."public_retail_dbt_mart"."customer_360__dbt_backup" cascade
[0m22:55:38.301107 [debug] [Thread-3 (]: SQL status: DROP TABLE in 0.004 seconds
[0m22:55:38.305176 [debug] [Thread-3 (]: On model.retail_customer_360.customer_360: Close
[0m22:55:38.308430 [debug] [Thread-3 (]: Sending event: {'category': 'dbt', 'action': 'run_model', 'label': 'cee0706c-1f01-40ad-9c8d-b6d648adc9e4', 'context': [<snowplow_tracker.self_describing_json.SelfDescribingJson object at 0x748d53b7cdd0>]}
[0m22:55:38.310841 [info ] [Thread-3 (]: 19 of 21 OK created sql table model public_retail_dbt_mart.customer_360 ........ [[32mSELECT 100[0m in 0.17s]
[0m22:55:38.314008 [debug] [Thread-3 (]: Finished running node model.retail_customer_360.customer_360
[0m22:55:38.316802 [debug] [Thread-2 (]: Began running node test.retail_customer_360.not_null_customer_360_customer_id.b69699741f
[0m22:55:38.317845 [debug] [Thread-1 (]: Began running node test.retail_customer_360.unique_customer_360_customer_id.932555fb9f
[0m22:55:38.319432 [info ] [Thread-2 (]: 20 of 21 START test not_null_customer_360_customer_id .......................... [RUN]
[0m22:55:38.322416 [info ] [Thread-1 (]: 21 of 21 START test unique_customer_360_customer_id ............................ [RUN]
[0m22:55:38.325310 [debug] [Thread-2 (]: Re-using an available connection from the pool (formerly test.retail_customer_360.relationships_stg_sales_customer_id__customer_id__ref_stg_customers_.f88f1dcfca, now test.retail_customer_360.not_null_customer_360_customer_id.b69699741f)
[0m22:55:38.328979 [debug] [Thread-1 (]: Re-using an available connection from the pool (formerly model.retail_customer_360.int_sales_enriched, now test.retail_customer_360.unique_customer_360_customer_id.932555fb9f)
[0m22:55:38.332020 [debug] [Thread-2 (]: Began compiling node test.retail_customer_360.not_null_customer_360_customer_id.b69699741f
[0m22:55:38.334289 [debug] [Thread-1 (]: Began compiling node test.retail_customer_360.unique_customer_360_customer_id.932555fb9f
[0m22:55:38.345402 [debug] [Thread-2 (]: Writing injected SQL for node "test.retail_customer_360.not_null_customer_360_customer_id.b69699741f"
[0m22:55:38.354213 [debug] [Thread-1 (]: Writing injected SQL for node "test.retail_customer_360.unique_customer_360_customer_id.932555fb9f"
[0m22:55:38.377109 [debug] [Thread-1 (]: Began executing node test.retail_customer_360.unique_customer_360_customer_id.932555fb9f
[0m22:55:38.381121 [debug] [Thread-1 (]: Writing runtime sql for node "test.retail_customer_360.unique_customer_360_customer_id.932555fb9f"
[0m22:55:38.382002 [debug] [Thread-2 (]: Began executing node test.retail_customer_360.not_null_customer_360_customer_id.b69699741f
[0m22:55:38.387791 [debug] [Thread-2 (]: Writing runtime sql for node "test.retail_customer_360.not_null_customer_360_customer_id.b69699741f"
[0m22:55:38.410826 [debug] [Thread-2 (]: Using postgres connection "test.retail_customer_360.not_null_customer_360_customer_id.b69699741f"
[0m22:55:38.414573 [debug] [Thread-2 (]: On test.retail_customer_360.not_null_customer_360_customer_id.b69699741f: /* {"app": "dbt", "dbt_version": "1.12.5", "profile_name": "retail_customer_360", "target_name": "dev", "node_id": "test.retail_customer_360.not_null_customer_360_customer_id.b69699741f"} */

    
    select
      count(*) as failures,
      count(*) != 0 as should_warn,
      count(*) != 0 as should_error
    from (
      
    
  
    
    



select customer_id
from "retaildb"."public_retail_dbt_mart"."customer_360"
where customer_id is null



  
  
      
    ) dbt_internal_test
[0m22:55:38.416422 [debug] [Thread-1 (]: Using postgres connection "test.retail_customer_360.unique_customer_360_customer_id.932555fb9f"
[0m22:55:38.418669 [debug] [Thread-2 (]: Opening a new connection, currently in state closed
[0m22:55:38.420980 [debug] [Thread-1 (]: On test.retail_customer_360.unique_customer_360_customer_id.932555fb9f: /* {"app": "dbt", "dbt_version": "1.12.5", "profile_name": "retail_customer_360", "target_name": "dev", "node_id": "test.retail_customer_360.unique_customer_360_customer_id.932555fb9f"} */

    
    select
      count(*) as failures,
      count(*) != 0 as should_warn,
      count(*) != 0 as should_error
    from (
      
    
  
    
    

select
    customer_id as unique_field,
    count(*) as n_records

from "retaildb"."public_retail_dbt_mart"."customer_360"
where customer_id is not null
group by customer_id
having count(*) > 1



  
  
      
    ) dbt_internal_test
[0m22:55:38.426644 [debug] [Thread-1 (]: Opening a new connection, currently in state closed
[0m22:55:38.439583 [debug] [Thread-2 (]: SQL status: SELECT 1 in 0.021 seconds
[0m22:55:38.443975 [debug] [Thread-2 (]: On test.retail_customer_360.not_null_customer_360_customer_id.b69699741f: ROLLBACK
[0m22:55:38.445071 [debug] [Thread-1 (]: SQL status: SELECT 1 in 0.019 seconds
[0m22:55:38.447081 [debug] [Thread-2 (]: On test.retail_customer_360.not_null_customer_360_customer_id.b69699741f: Close
[0m22:55:38.450059 [debug] [Thread-1 (]: On test.retail_customer_360.unique_customer_360_customer_id.932555fb9f: ROLLBACK
[0m22:55:38.453413 [info ] [Thread-2 (]: 20 of 21 PASS not_null_customer_360_customer_id ................................ [[32mPASS[0m in 0.13s]
[0m22:55:38.454479 [debug] [Thread-1 (]: On test.retail_customer_360.unique_customer_360_customer_id.932555fb9f: Close
[0m22:55:38.455808 [debug] [Thread-2 (]: Finished running node test.retail_customer_360.not_null_customer_360_customer_id.b69699741f
[0m22:55:38.458400 [info ] [Thread-1 (]: 21 of 21 PASS unique_customer_360_customer_id .................................. [[32mPASS[0m in 0.13s]
[0m22:55:38.461833 [debug] [Thread-1 (]: Finished running node test.retail_customer_360.unique_customer_360_customer_id.932555fb9f
[0m22:55:38.466836 [debug] [MainThread]: On master: COMMIT
[0m22:55:38.469464 [debug] [MainThread]: Using postgres connection "master"
[0m22:55:38.471144 [debug] [MainThread]: On master: COMMIT
[0m22:55:38.472703 [debug] [MainThread]: Opening a new connection, currently in state closed
[0m22:55:38.481339 [debug] [MainThread]: SQL status: COMMIT in 0.009 seconds
[0m22:55:38.483225 [debug] [MainThread]: On master: Close
[0m22:55:38.485300 [debug] [MainThread]: Connection 'master' was properly closed.
[0m22:55:38.487333 [debug] [MainThread]: Connection 'test.retail_customer_360.not_null_customer_360_customer_id.b69699741f' was properly closed.
[0m22:55:38.488838 [debug] [MainThread]: Connection 'test.retail_customer_360.unique_customer_360_customer_id.932555fb9f' was properly closed.
[0m22:55:38.490312 [debug] [MainThread]: Connection 'model.retail_customer_360.customer_360' was properly closed.
[0m22:55:38.491568 [debug] [MainThread]: Connection 'test.retail_customer_360.relationships_stg_sales_product_id__product_id__ref_stg_products_.57e6472e6d' was properly closed.
[0m22:55:38.493065 [info ] [MainThread]: 
[0m22:55:38.495110 [info ] [MainThread]: Finished running 2 table models, 16 data tests, 3 view models in 0 hours 0 minutes and 1.95 seconds (1.95s).
[0m22:55:38.498934 [debug] [MainThread]: Command end result
[0m22:55:38.686806 [debug] [MainThread]: Wrote artifact WritableManifest to /opt/airflow/project/dbt/target/manifest.json
[0m22:55:38.711965 [debug] [MainThread]: Wrote artifact SemanticManifest to /opt/airflow/project/dbt/target/semantic_manifest.json
[0m22:55:38.732261 [debug] [MainThread]: Wrote artifact OsiDocument to /opt/airflow/project/dbt/target/osi_document.json
[0m22:55:38.760331 [debug] [MainThread]: Wrote artifact RunExecutionResult to /opt/airflow/project/dbt/target/run_results.json
[0m22:55:38.762555 [info ] [MainThread]: 
[0m22:55:38.765946 [info ] [MainThread]: [32mCompleted successfully[0m
[0m22:55:38.767773 [info ] [MainThread]: 
[0m22:55:38.769969 [info ] [MainThread]: Done. PASS=21 WARN=0 ERROR=0 SKIP=0 NO-OP=0 REUSED=0 TOTAL=21
[0m22:55:38.775325 [debug] [MainThread]: Resource report: {"command_name": "build", "command_success": true, "command_wall_clock_time": 5.60668, "process_in_blocks": "90801", "process_kernel_time": 0.825952, "process_mem_max_rss": "151260", "process_out_blocks": "6728", "process_user_time": 5.466446}
[0m22:55:38.777307 [debug] [MainThread]: Command `dbt build` succeeded at 22:55:38.777137 after 5.61 seconds
[0m22:55:38.779238 [debug] [MainThread]: Sending event: {'category': 'dbt', 'action': 'invocation', 'label': 'end', 'context': [<snowplow_tracker.self_describing_json.SelfDescribingJson object at 0x748d89359580>, <snowplow_tracker.self_describing_json.SelfDescribingJson object at 0x748d8ae02030>, <snowplow_tracker.self_describing_json.SelfDescribingJson object at 0x748d53dce0f0>]}
[0m22:55:38.781303 [debug] [MainThread]: Flushing usage events
[0m22:55:39.424015 [debug] [MainThread]: An error was encountered while trying to flush usage events
